"Creditability","Account.Balance","Duration.of.Credit..month","Payment.Status.of.Previous.Credit","Purpose","Credit.Amount","Value.Savings.Stocks","Length.of.current.employment","Instalment.per.cent","Sex.Marital.Status","Guarantors","Duration.in.Current.address","Most.valuable.available.asset","Age.years","Current.Credits","Type.of.apartment","No.of.Credits.at.this.Bank","Occupation","No.of.dependents","Telephone","Foreign.Worker"
0,1,6,2,4,1169,5,1,4,4,3,4,3,67,2,2,2,2,1,2,2
1,3,48,4,4,5951,2,3,2,1,3,2,3,22,2,2,1,2,1,1,2
0,4,12,2,0,2096,2,4,2,4,3,3,3,49,2,2,1,4,2,1,2
0,1,42,4,7,7882,2,4,2,4,2,4,1,45,2,1,1,2,2,1,2
1,1,24,3,2,4870,2,3,3,4,3,4,4,53,2,1,2,2,2,1,2
0,4,36,4,0,9055,5,3,2,4,3,4,4,35,2,1,1,4,2,2,2
0,4,24,4,7,2835,4,1,3,4,3,4,1,53,2,2,1,2,1,1,2
0,3,36,4,3,6948,2,3,2,4,3,2,2,35,2,3,1,1,1,2,2
0,4,12,4,4,3059,1,4,2,2,3,4,3,61,2,2,1,4,1,1,2
1,3,30,2,2,5234,2,5,4,3,3,2,2,28,2,2,2,1,1,1,2
1,3,12,4,2,1295,2,2,3,1,3,1,2,25,2,3,1,2,1,1,2
1,1,48,4,1,4308,2,2,3,1,3,4,1,24,2,3,1,2,1,1,2
0,3,12,4,4,1567,2,3,1,1,3,1,2,22,2,2,1,2,1,2,2
1,1,24,2,2,1199,2,1,4,4,3,4,2,60,2,2,2,4,1,1,2
0,1,15,4,2,1403,2,3,2,1,3,4,2,28,2,3,1,2,1,1,2
1,1,24,4,4,1282,3,3,4,1,3,2,2,32,2,2,1,4,1,1,2
0,4,24,2,4,2424,5,1,4,4,3,4,1,53,2,2,2,2,1,1,2
0,1,30,5,1,8072,5,2,2,4,3,3,2,25,1,2,3,2,1,1,2
1,3,24,4,3,12579,2,1,4,1,3,2,4,44,2,1,1,1,1,2,2
0,4,24,4,4,3430,4,1,3,4,3,2,2,31,2,2,1,2,2,2,2
0,4,9,2,2,2134,2,3,4,4,3,4,2,48,2,2,3,2,1,2,2
0,1,6,4,4,2647,4,3,2,4,3,3,3,44,2,3,1,2,2,1,2
0,1,10,2,2,2241,2,2,1,4,3,3,3,48,2,3,2,4,2,1,1
0,3,12,2,3,1804,3,2,3,4,3,4,1,44,2,2,1,2,1,1,2
0,4,10,2,7,2069,5,3,2,3,3,1,2,26,2,2,2,2,1,1,1
0,1,6,4,7,1374,2,3,1,4,3,2,3,36,1,2,1,4,1,2,2
0,4,6,5,4,426,2,1,4,3,3,4,2,39,2,2,1,4,1,1,2
0,2,12,1,4,409,1,3,3,1,3,3,3,42,2,3,2,2,1,1,2
0,3,7,4,4,2415,2,3,3,4,2,2,3,34,2,2,1,2,1,1,2
1,1,60,3,1,6836,2,1,3,4,3,4,4,63,2,2,2,2,1,2,2
0,3,18,4,1,1913,1,2,3,3,3,3,3,36,1,2,1,2,1,2,2
0,1,24,4,7,4020,2,3,2,4,3,2,2,27,3,2,1,2,1,1,2
0,3,18,4,2,5866,3,3,2,4,3,2,2,30,2,2,2,2,1,2,2
0,4,12,2,1,1264,5,1,4,4,3,4,4,57,2,3,1,4,1,1,2
0,2,12,4,7,1474,2,2,4,1,3,1,1,33,1,2,1,1,1,2,2
1,3,45,2,4,4746,2,2,4,4,3,2,1,25,2,2,2,4,1,1,2
0,4,48,2,0,6110,2,3,1,4,3,3,4,31,1,1,1,2,1,2,2
1,2,18,4,4,2100,2,3,4,4,1,2,3,37,3,2,1,2,1,1,2
0,2,10,4,8,1225,2,3,2,4,3,2,2,37,2,2,1,2,1,2,2
0,3,9,4,4,458,2,3,4,4,3,3,3,24,2,2,1,2,1,1,2
0,4,30,4,4,2333,4,1,4,4,3,2,2,30,1,2,1,1,1,1,2
0,3,12,4,4,1158,4,3,3,2,3,1,2,26,2,2,1,2,1,2,2
0,3,18,3,5,6204,2,3,2,4,3,4,3,44,2,2,1,4,2,2,2
0,1,30,2,3,6187,3,4,1,3,3,4,2,24,2,3,2,2,1,1,2
1,1,48,2,3,6143,2,1,4,1,3,4,4,58,3,1,2,4,1,1,2
0,4,11,2,2,1393,2,2,4,1,3,4,2,35,2,2,2,1,1,1,2
0,4,36,4,4,2299,4,1,4,4,3,4,2,39,2,2,1,2,1,1,2
0,1,6,4,3,1352,4,5,1,1,3,2,1,23,2,3,1,3,1,2,2
0,4,11,2,2,7228,2,3,1,4,3,4,1,39,2,2,2,4,1,1,2
0,4,12,4,4,2073,3,3,4,1,1,2,3,28,2,2,1,2,1,1,2
0,3,24,3,7,2333,5,2,4,4,3,2,1,29,1,2,1,4,1,1,2
0,3,27,3,3,5965,2,1,1,4,3,2,2,30,2,2,2,1,1,2,2
0,4,12,4,4,1262,2,3,3,4,3,2,2,25,2,2,1,2,1,1,2
0,4,18,4,3,3378,5,3,2,4,3,1,1,31,2,2,1,2,1,2,2
1,3,36,3,2,2225,2,1,4,4,3,4,4,57,1,1,2,2,1,2,2
0,4,6,1,2,783,5,3,1,4,2,2,3,26,3,2,1,4,2,1,2
1,3,12,4,4,6468,5,5,2,4,3,1,4,52,2,2,1,1,1,2,2
0,4,36,2,4,9566,2,3,2,1,3,2,2,31,3,2,2,2,1,1,2
0,2,18,4,2,1961,2,1,3,1,3,2,2,23,2,2,1,1,1,1,2
1,1,36,2,7,6229,2,2,4,1,1,4,4,23,2,3,2,4,1,2,2
0,3,9,4,1,1391,2,3,2,3,3,1,3,27,1,2,1,2,1,2,2
0,3,15,2,4,1537,5,1,4,4,2,4,3,50,2,2,2,2,1,2,2
1,3,36,5,1,1953,2,1,4,4,3,4,4,61,2,1,1,1,1,2,2
1,3,48,5,1,14421,2,3,2,4,3,2,2,25,2,2,1,2,1,2,2
0,4,24,4,4,3181,2,2,4,1,3,4,1,26,2,2,1,2,1,2,2
0,4,27,4,5,5190,5,1,4,4,3,4,1,48,2,2,4,2,2,2,2
0,4,12,4,4,2171,2,2,2,1,3,2,2,29,1,2,1,2,1,1,2
0,3,12,4,2,1007,1,3,4,3,3,1,3,22,2,2,1,2,1,1,2
1,4,36,4,0,1819,2,3,4,4,3,4,4,37,3,1,1,2,1,2,2
0,4,36,4,4,2394,5,3,4,1,3,4,2,25,2,2,1,2,1,1,2
0,4,36,4,3,8133,2,3,1,1,3,2,1,30,1,2,1,2,1,1,2
0,4,7,2,4,730,5,1,4,4,3,2,1,46,2,3,2,4,1,2,2
0,1,8,2,6,1164,2,1,3,4,3,4,4,51,1,1,2,1,2,2,2
0,3,42,2,1,5954,2,4,2,1,3,1,3,41,1,2,2,4,1,1,2
1,1,36,4,0,1977,5,1,4,4,3,4,4,40,2,2,1,1,1,2,2
0,1,12,2,3,1526,2,1,4,4,3,4,4,66,2,1,2,1,1,1,2
1,1,42,4,4,3965,2,2,4,4,3,3,2,34,2,2,1,2,1,1,2
0,3,11,3,4,4771,2,4,2,4,3,4,1,51,2,2,1,2,1,1,2
0,4,54,5,3,9436,5,3,2,4,3,2,1,39,2,2,1,4,2,1,2
0,3,30,4,7,3832,2,2,2,3,3,1,1,22,2,2,1,2,1,1,2
1,4,24,4,4,5943,5,2,1,1,3,1,2,44,2,2,2,2,1,2,2
0,4,15,4,4,1213,4,1,4,4,3,3,1,47,3,2,1,2,1,2,2
0,4,18,4,1,1568,3,3,3,1,3,4,1,24,2,3,1,4,1,1,2
0,1,24,4,6,1755,2,1,4,1,2,4,3,58,2,2,1,4,1,2,2
0,1,10,4,4,2315,2,1,3,4,3,4,3,52,2,2,1,4,1,1,2
0,4,12,2,1,1412,2,3,4,1,2,2,3,29,2,2,2,1,1,2,2
0,3,18,2,7,1295,2,2,4,1,3,1,1,27,2,2,2,2,1,1,2
1,3,36,4,0,12612,3,3,1,4,3,4,4,47,2,1,1,2,2,2,2
0,1,18,4,2,2249,3,4,4,4,3,3,2,30,2,2,1,1,2,2,2
1,1,12,5,5,1108,2,4,4,4,3,3,3,28,2,2,2,2,1,1,2
0,4,12,2,4,618,2,1,4,4,3,4,3,56,2,2,1,2,1,1,2
0,1,12,2,3,1409,2,1,4,4,3,3,3,54,2,2,1,2,1,1,2
1,4,12,2,4,797,5,1,4,1,3,3,1,33,1,2,1,4,2,1,2
0,2,24,2,7,3617,5,1,4,4,1,4,4,20,2,3,2,2,1,1,2
0,3,12,4,2,1318,1,1,4,4,3,4,3,54,2,2,1,2,1,2,2
1,3,54,5,1,15945,2,2,3,4,3,4,4,58,2,3,1,2,1,2,2
0,4,12,2,0,2012,5,4,4,1,3,2,2,61,2,2,1,2,1,1,2
0,3,18,4,1,2622,3,3,4,4,3,4,2,34,2,2,1,2,1,1,2
0,3,36,2,4,2337,2,1,4,4,3,4,3,36,2,2,1,2,1,1,2
0,3,20,3,3,7057,5,4,3,4,3,4,1,36,1,3,2,1,2,2,2
0,4,24,4,2,1469,3,1,4,3,3,4,3,41,2,3,1,4,1,1,2
0,3,36,4,4,2323,2,4,4,4,3,4,2,24,2,3,1,2,1,1,2
0,4,6,3,4,932,2,3,3,1,3,2,3,24,2,2,1,2,1,1,2
0,3,9,2,7,1919,2,4,4,4,3,3,2,35,2,3,1,2,1,2,2
0,4,12,4,3,2445,5,2,2,3,3,4,2,26,2,3,1,2,1,2,2
1,3,24,2,6,11938,2,3,2,4,1,3,2,39,2,2,2,1,2,2,2
1,4,18,1,2,6458,2,1,2,4,3,4,4,39,1,2,2,1,2,2,2
0,3,12,4,2,6078,2,4,2,4,3,2,2,32,2,2,1,2,1,1,2
0,1,24,4,7,7721,5,2,1,1,3,2,1,30,2,2,1,2,1,2,1
0,3,14,4,1,1410,4,1,1,3,3,2,3,35,2,2,1,2,1,2,2
0,3,6,3,1,1449,3,1,1,2,3,2,2,31,1,2,2,2,2,1,2
0,2,15,4,0,392,2,2,4,1,3,4,1,23,2,3,1,2,1,2,2
0,3,18,4,2,6260,2,4,3,4,3,3,3,28,2,3,1,4,1,1,2
1,4,36,2,2,7855,2,3,4,1,3,2,3,25,3,2,2,2,1,2,2
0,1,12,4,4,1680,4,1,3,3,3,1,3,35,2,2,1,2,1,1,2
0,4,48,2,4,3578,5,1,4,4,3,1,3,47,2,2,1,2,1,2,2
1,1,42,4,4,7174,5,4,4,1,3,3,2,30,2,2,1,1,1,2,2
0,1,10,2,7,2132,5,2,2,1,1,3,3,27,2,3,2,2,1,1,1
1,1,33,2,7,4281,4,3,1,1,3,4,2,23,2,2,2,2,1,1,2
0,3,12,2,2,2366,4,4,3,2,3,3,2,36,2,2,1,1,1,2,2
1,1,21,4,4,1835,2,3,3,1,3,2,3,25,2,2,2,2,1,2,2
0,4,24,2,3,3868,2,1,4,1,3,2,2,41,2,3,2,1,1,2,2
0,4,12,4,7,1768,2,3,3,4,3,2,3,24,2,3,1,4,1,1,2
0,2,10,2,2,781,2,1,4,4,3,4,4,63,2,1,2,2,1,2,2
1,3,18,4,7,1924,5,2,4,1,3,3,3,27,2,3,1,2,1,1,2
0,1,12,2,2,2121,2,3,4,4,3,2,1,30,2,2,2,2,1,1,2
0,1,12,4,4,701,2,3,4,3,3,2,3,40,2,2,1,4,1,1,2
1,3,12,4,5,639,2,3,4,4,3,2,2,30,2,2,1,2,1,1,2
0,3,12,2,3,1860,2,5,4,4,3,2,2,34,2,2,2,1,1,2,2
1,1,12,2,2,3499,2,3,3,1,1,2,3,29,2,2,2,2,1,1,2
0,3,48,4,2,8487,5,4,1,1,3,2,2,24,2,2,1,2,1,1,2
1,1,36,3,0,6887,2,3,4,4,3,3,1,29,3,2,1,2,1,2,2
0,4,15,4,7,2708,2,2,2,4,3,3,1,27,1,2,2,4,1,1,2
0,4,18,4,7,1984,2,3,4,4,3,4,4,47,1,1,2,2,1,1,2
0,4,60,4,4,10144,3,4,2,1,3,4,3,21,2,2,1,2,1,2,2
0,4,12,2,4,1240,5,1,4,1,3,2,3,38,2,2,2,2,1,2,2
0,4,27,3,3,8613,1,3,2,4,3,2,2,27,2,2,2,2,1,1,2
1,3,12,4,4,766,4,3,4,4,3,3,3,66,2,2,1,4,1,1,2
0,3,15,2,4,2728,5,4,4,4,2,2,3,35,1,2,3,2,1,2,2
0,2,12,4,4,1881,2,3,2,1,3,2,2,44,2,3,1,4,1,2,2
0,2,6,4,2,709,1,2,2,3,3,2,3,27,2,2,1,3,1,1,1
0,3,36,4,4,4795,2,2,4,1,3,1,4,30,2,2,1,1,1,2,2
0,1,27,4,4,3416,2,3,3,4,3,2,2,27,2,2,1,1,1,1,2
1,1,18,4,7,2462,2,3,2,4,3,2,2,22,2,2,1,2,1,1,2
0,4,21,2,7,2288,2,2,4,1,3,4,1,23,2,2,1,2,1,2,2
0,3,48,1,1,3566,3,4,4,4,3,2,2,30,2,2,1,2,1,1,2
0,1,6,2,2,860,2,1,1,1,3,4,4,39,2,2,2,2,1,2,2
0,4,12,2,2,682,3,4,4,1,3,3,2,51,2,2,2,2,1,2,2
0,1,36,2,7,5371,2,3,3,4,2,2,1,28,2,2,2,2,1,1,2
0,4,18,2,4,1582,1,1,4,4,3,4,2,46,2,2,2,2,1,1,2
0,4,6,4,4,1346,3,1,2,4,3,4,4,42,1,1,1,2,2,2,2
0,4,10,4,4,1924,2,3,1,4,3,4,1,38,2,2,1,2,1,2,1
0,2,36,4,4,5848,2,3,4,4,3,1,2,24,2,2,1,2,1,1,2
0,3,24,2,3,7758,1,1,2,1,3,4,4,29,2,3,1,2,1,1,2
0,3,24,3,1,6967,3,4,4,4,3,4,2,36,2,3,1,1,1,2,2
1,1,12,4,7,1282,2,3,2,1,3,4,2,20,2,3,1,2,1,1,2
0,1,9,2,5,1288,3,1,3,4,2,4,3,48,2,2,2,2,2,1,1
0,1,12,1,9,339,2,1,4,3,3,1,2,45,1,2,1,4,1,1,2
0,3,24,4,2,3512,3,4,2,4,3,3,2,38,1,2,2,2,1,2,2
0,4,6,2,4,1898,5,3,1,4,3,2,3,34,2,2,2,4,2,1,2
0,4,24,2,4,2872,3,1,3,4,3,4,3,36,2,2,1,2,2,2,2
0,4,18,2,2,1055,2,2,4,1,3,1,1,30,2,2,2,2,1,1,2
0,4,15,4,8,1262,4,4,4,4,3,3,1,36,2,2,2,2,1,2,2
0,3,10,4,2,7308,2,5,2,4,3,4,4,70,1,1,1,1,1,2,2
0,4,36,4,2,909,4,1,4,4,3,4,1,36,2,2,1,2,1,1,2
0,4,6,4,7,2978,4,3,1,4,3,2,2,32,2,2,1,2,1,2,2
1,1,18,4,7,1131,2,5,4,1,3,2,2,33,2,2,1,2,1,1,2
0,3,11,4,7,1577,1,2,4,1,3,1,3,20,2,2,1,2,1,1,2
0,4,24,4,7,3972,2,4,2,1,3,4,1,25,2,3,1,2,1,2,2
1,3,24,2,1,1935,2,1,4,2,3,4,3,31,2,2,2,2,1,2,2
1,1,15,5,2,950,2,1,4,4,3,3,2,33,2,3,2,2,2,1,2
0,4,12,4,7,763,2,3,4,1,3,1,3,26,2,2,1,2,1,2,2
1,3,24,3,7,2064,2,5,3,1,3,2,1,34,2,2,1,1,1,2,2
0,3,8,4,4,1414,2,3,4,4,2,2,3,33,2,2,1,2,1,1,1
1,1,21,3,0,3414,2,2,2,4,3,1,1,26,2,2,2,2,1,1,2
1,4,30,1,3,7485,5,5,4,1,3,1,3,53,1,2,1,1,1,2,2
0,1,12,4,7,2577,2,3,2,2,3,1,2,42,2,2,1,2,1,1,2
0,1,6,2,4,338,4,1,4,4,3,4,2,52,2,2,2,2,1,1,2
0,4,12,4,4,1963,2,4,4,4,3,2,2,31,2,3,2,1,2,2,2
0,1,21,2,2,571,2,1,4,4,3,4,3,65,2,2,2,2,1,1,2
1,4,36,3,1,9572,2,2,1,2,3,1,2,28,2,2,2,2,1,1,2
1,3,36,3,1,4455,2,3,2,2,3,2,3,30,3,2,2,1,1,2,2
1,1,21,1,2,1647,5,3,4,4,3,2,1,40,2,2,2,4,2,1,2
0,4,24,2,7,3777,1,3,4,4,3,4,3,50,2,2,1,2,1,2,2
1,3,18,2,2,884,2,1,4,4,3,4,2,36,1,2,1,2,2,2,2
0,4,15,2,4,1360,2,3,4,4,3,2,1,31,2,2,2,2,1,1,2
1,3,9,1,3,5129,2,1,2,1,3,4,4,74,1,1,1,1,2,2,2
0,3,16,2,2,1175,2,5,2,4,3,3,2,68,2,1,3,3,1,2,2
1,1,12,4,4,674,3,4,4,3,3,1,1,20,2,2,1,2,1,1,2
0,3,18,5,7,3244,2,3,1,1,3,4,2,33,1,2,2,2,1,2,2
1,4,24,4,1,4591,1,3,2,4,3,3,1,54,2,2,3,1,1,2,2
1,3,48,5,1,3844,3,4,4,4,3,4,4,34,2,1,1,4,2,1,2
1,3,27,4,1,3915,2,3,4,4,3,2,2,36,2,2,1,2,2,2,2
0,4,6,4,4,2108,2,4,2,3,3,2,3,29,2,3,1,2,1,1,2
1,3,45,4,4,3031,3,3,4,4,2,4,1,21,2,3,1,2,1,1,2
1,3,9,2,0,1501,2,1,2,1,3,3,2,34,2,2,2,1,1,2,2
0,4,6,2,4,1382,2,3,1,1,3,1,2,28,2,2,2,2,1,2,2
1,3,12,4,7,951,3,2,4,1,3,4,2,27,1,3,4,2,1,1,2
0,3,24,4,3,2760,5,1,4,4,3,4,4,36,1,1,1,2,1,2,2
1,3,18,3,7,4297,2,1,4,2,3,3,4,40,2,2,1,1,1,2,2
0,4,9,2,0,936,4,1,4,4,3,2,2,52,2,2,2,2,1,2,2
0,1,12,4,2,1168,2,3,4,3,3,3,3,27,2,2,1,4,1,1,2
0,4,27,3,1,5117,2,4,3,4,3,4,2,26,2,2,2,2,1,1,2
1,1,12,4,9,902,2,4,4,3,3,4,1,21,2,3,1,2,1,1,2
0,4,12,2,2,1495,2,1,4,4,3,1,3,38,2,2,2,4,2,1,2
0,1,30,2,3,10623,2,1,3,4,3,4,4,38,2,1,3,1,2,2,2
0,4,12,2,7,1935,2,1,4,4,3,4,3,43,2,2,3,2,1,2,2
0,3,12,2,8,1424,2,4,4,4,3,3,1,26,2,2,1,2,1,1,2
0,1,24,4,1,6568,2,3,2,3,3,2,2,21,3,2,1,4,1,1,2
0,4,12,4,3,1413,1,4,3,4,3,2,1,55,2,2,1,2,1,1,1
0,4,9,2,4,3074,5,3,1,4,3,2,3,33,2,2,2,2,2,1,2
0,4,36,4,4,3835,5,1,2,1,3,4,3,45,2,2,1,4,1,2,2
1,1,27,5,1,5293,2,5,2,4,3,4,1,50,3,2,2,2,1,2,2
1,2,30,3,1,1908,2,1,4,4,3,4,3,66,2,2,1,1,1,2,2
0,4,36,2,4,3342,5,1,4,4,3,2,2,51,2,2,1,2,1,2,2
0,3,6,2,9,932,5,4,1,1,3,3,1,39,2,2,2,4,1,1,2
0,1,18,5,1,3104,2,4,3,4,3,1,1,31,1,2,1,2,1,2,2
0,2,36,4,4,3913,2,3,2,4,3,2,3,23,2,2,1,2,1,2,2
0,1,24,4,7,3021,2,3,2,2,3,2,3,24,2,3,1,4,1,1,2
0,4,10,4,2,1364,2,3,2,1,3,4,2,64,2,2,1,2,1,2,2
0,3,12,4,4,625,2,2,4,3,2,1,3,26,1,2,1,4,1,1,2
0,1,12,4,0,1200,5,3,4,1,3,4,1,23,1,3,1,2,1,2,2
0,4,12,4,4,707,2,3,4,4,3,2,3,30,1,2,2,2,1,1,2
0,4,24,3,1,2978,5,3,4,4,3,4,3,32,2,2,2,2,2,2,2
0,4,15,4,3,4657,2,3,3,4,3,2,2,30,2,2,1,2,1,2,2
0,4,36,5,5,2613,2,3,4,4,3,2,2,27,2,2,2,2,1,1,2
1,3,48,4,4,10961,1,4,1,4,1,2,4,27,1,2,2,2,1,2,2
1,1,12,4,7,7865,2,1,4,4,3,4,4,53,2,1,1,1,1,2,2
1,4,9,4,4,1478,2,4,4,4,3,2,2,22,2,2,1,2,1,1,2
0,1,24,4,7,3149,2,2,4,4,3,1,4,22,1,1,1,2,1,1,2
1,2,36,4,4,4210,2,3,4,4,3,2,2,26,2,2,1,2,1,1,2
0,4,9,4,2,2507,4,1,2,4,3,4,4,51,2,1,1,4,1,1,2
0,4,12,4,4,2141,3,4,3,4,3,1,4,35,2,2,1,2,1,1,2
0,3,18,4,4,866,2,3,4,3,2,2,3,25,2,2,1,4,1,1,2
0,4,4,2,4,1544,2,4,2,4,3,1,3,42,2,2,3,4,2,1,2
1,1,24,4,4,1823,2,5,4,4,3,2,2,30,3,2,1,1,2,1,2
1,3,6,4,2,14555,5,5,1,4,3,2,1,23,2,2,1,3,1,2,2
1,3,21,4,1,2767,3,1,4,2,3,2,2,61,1,3,2,4,1,1,2
0,4,12,2,4,1291,2,3,4,1,3,2,1,35,2,2,2,2,1,1,2
0,1,30,4,4,2522,2,1,1,4,2,3,1,39,2,2,1,2,2,1,2
1,1,24,4,2,915,5,1,4,1,3,2,2,29,1,2,1,2,1,1,2
0,4,6,4,4,1595,2,4,3,4,3,2,1,51,2,2,1,2,2,1,2
1,1,48,5,3,4605,2,1,3,4,3,4,4,24,2,1,2,2,2,1,2
0,4,12,2,1,1185,2,3,3,1,3,2,3,27,2,2,2,2,1,1,2
0,4,12,1,9,3447,4,3,4,1,3,3,3,35,2,2,1,4,2,1,2
0,4,24,4,1,1258,2,4,4,4,3,1,3,25,2,2,1,2,1,2,2
0,4,12,2,4,717,2,1,4,4,3,4,3,52,2,2,3,2,1,1,2
0,4,6,5,2,1204,3,3,4,4,3,1,4,35,1,3,1,2,1,1,1
0,2,24,4,7,1925,2,3,2,4,3,2,3,26,2,2,1,2,1,1,2
1,4,18,4,4,433,2,5,3,1,1,4,3,22,2,3,1,2,1,1,2
0,1,6,2,2,666,1,4,3,1,3,4,3,39,2,2,2,4,1,2,2
0,2,12,4,7,2251,2,3,1,1,3,2,2,46,2,2,1,4,1,1,2
1,3,30,4,2,2150,2,3,4,1,2,2,4,24,1,2,1,2,1,1,2
0,4,24,3,7,4151,3,3,2,4,3,3,1,35,2,2,2,2,1,1,2
0,3,9,4,7,2030,5,4,2,4,3,1,2,24,2,2,1,2,1,2,2
0,3,60,3,4,7418,5,3,1,4,3,1,3,27,2,2,1,4,1,1,2
0,4,24,2,4,2684,2,3,4,4,3,2,3,35,2,2,2,4,1,1,2
1,1,12,1,4,2149,2,3,4,2,3,1,4,29,2,1,1,2,1,1,2
0,4,15,4,3,3812,3,2,1,1,3,4,2,23,2,2,1,2,1,2,2
0,4,11,2,4,1154,3,5,4,1,3,4,3,57,2,2,3,4,1,1,2
0,1,12,4,7,1657,2,3,2,4,3,2,3,27,2,2,1,2,1,1,2
0,1,24,4,4,1603,2,1,4,1,3,4,2,55,2,2,1,2,1,1,2
0,1,18,2,2,5302,2,1,2,4,3,4,4,36,2,1,3,1,1,2,2
0,4,12,2,0,2748,2,1,2,1,3,4,4,57,1,1,3,4,1,1,2
0,4,10,2,2,1231,2,1,3,4,3,4,3,32,2,2,2,4,2,1,1
1,3,15,4,4,802,2,1,4,4,3,3,2,37,2,2,1,2,2,1,2
0,4,36,2,1,6304,5,1,4,4,3,4,3,36,2,2,2,2,1,1,2
0,4,24,4,4,1533,2,2,4,1,3,3,2,38,3,2,1,2,1,2,2
1,1,14,4,2,8978,2,1,1,2,3,4,1,45,2,2,1,1,1,2,1
0,4,24,4,4,999,5,1,4,4,3,2,2,25,2,2,2,2,1,1,2
0,4,18,4,2,2662,5,4,4,4,3,3,1,32,2,2,1,2,1,1,1
0,4,12,2,7,1402,4,4,3,1,3,4,2,37,2,3,1,2,1,2,2
0,3,48,1,2,12169,5,5,4,4,1,4,4,36,2,1,1,1,1,2,2
1,3,48,4,4,3060,2,4,4,4,3,4,3,28,2,2,2,2,1,1,2
1,1,30,4,5,11998,2,2,1,2,3,1,4,34,2,2,1,4,1,2,2
0,4,9,4,4,2697,2,3,1,4,3,2,3,32,2,2,1,2,2,1,2
0,4,18,2,4,2404,2,3,2,1,3,2,2,26,2,2,2,2,1,1,2
0,1,12,4,7,1262,5,1,2,2,3,4,1,49,2,2,1,4,1,2,2
1,4,6,4,7,4611,2,2,1,1,3,4,1,32,2,2,1,2,1,1,2
0,4,24,4,4,1901,3,3,4,4,3,4,2,29,2,3,1,1,1,2,2
0,4,15,2,3,3368,1,1,3,4,3,4,4,23,2,3,2,2,1,2,2
0,4,12,4,7,1574,2,3,4,4,3,2,3,50,2,2,1,2,1,1,2
0,2,18,1,4,1445,5,4,4,4,3,4,2,49,1,2,1,4,1,1,2
0,4,15,2,7,1520,5,1,4,4,3,4,1,63,2,2,1,2,1,1,2
0,3,24,2,2,3878,3,2,4,2,3,2,2,37,2,2,1,2,1,2,2
0,1,47,4,2,10722,2,2,1,1,3,1,3,35,2,2,1,4,1,2,2
0,1,48,4,3,4788,2,4,4,4,3,3,1,26,2,2,1,2,2,1,2
0,3,48,3,6,7582,3,5,2,4,3,4,4,31,2,1,1,1,1,2,2
0,3,12,4,4,1092,2,3,4,1,2,4,3,49,2,2,2,2,1,2,2
1,1,24,3,4,1024,2,2,4,3,3,4,3,48,3,2,1,2,1,1,2
0,4,12,4,1,1076,2,3,2,3,3,2,3,26,2,2,1,2,1,2,1
1,3,36,4,3,9398,2,2,1,3,3,4,2,28,2,3,1,1,1,2,2
0,1,24,2,3,6419,2,1,2,1,3,4,4,44,2,1,2,1,2,2,2
0,2,42,2,3,4796,2,1,4,4,3,4,4,56,2,1,1,2,1,1,2
0,4,48,2,1,7629,5,1,4,2,3,2,2,46,1,2,2,1,2,1,2
1,3,48,4,7,9960,2,2,1,1,3,2,2,26,2,2,1,2,1,2,2
0,4,12,4,3,4675,5,2,1,1,3,4,2,20,2,3,1,2,1,1,2
0,4,10,4,2,1287,5,1,4,4,1,2,1,45,2,2,1,4,1,1,1
0,4,18,4,7,2515,2,3,3,4,3,4,3,43,2,2,1,2,1,2,2
0,3,21,2,7,2745,1,4,3,4,3,2,2,32,2,2,2,2,1,2,2
0,4,6,4,2,672,2,5,1,1,3,4,3,54,2,2,1,3,1,2,2
1,3,36,5,4,3804,2,3,4,1,3,1,2,42,2,2,1,2,1,2,2
1,2,24,2,2,1344,5,4,4,4,3,2,3,37,1,2,2,4,2,1,2
0,1,10,2,2,1038,2,4,4,4,1,3,1,49,2,2,2,2,1,2,2
1,4,48,2,2,10127,4,3,2,4,3,2,4,44,1,1,1,2,1,1,2
0,4,6,4,7,1543,1,3,4,2,3,2,3,33,2,2,1,2,1,1,2
0,4,30,4,3,4811,5,4,2,1,3,4,1,24,3,3,1,4,1,1,2
1,1,12,4,4,727,3,2,4,3,3,3,4,33,2,2,1,4,1,2,2
1,3,8,4,7,1237,2,3,3,1,3,4,3,24,2,2,1,2,1,1,2
0,3,9,4,2,276,2,3,4,3,3,4,3,22,2,3,1,4,1,1,2
0,3,48,4,6,5381,5,5,3,4,3,4,4,40,1,1,1,3,1,2,2
0,4,24,4,7,5511,3,3,4,4,3,1,2,25,3,2,1,2,1,1,2
0,2,24,4,7,3749,2,2,2,1,3,4,2,26,2,2,1,2,1,1,2
1,3,12,4,2,685,2,4,2,3,3,3,2,25,1,2,1,4,1,1,2
0,2,4,4,2,1494,5,2,1,4,3,2,3,29,2,2,1,4,2,1,1
1,1,36,1,7,2746,2,1,4,4,3,4,2,31,1,2,1,2,1,1,2
0,1,12,4,7,708,2,3,2,4,2,3,1,38,2,2,1,4,2,1,2
0,3,24,4,7,4351,5,3,1,1,3,4,1,48,2,2,1,4,1,2,2
0,4,12,2,0,701,2,3,4,4,3,2,2,32,2,2,2,2,1,1,2
0,1,15,3,7,3643,2,1,1,1,3,4,1,27,2,2,2,4,1,1,2
1,3,30,2,2,4249,2,5,4,3,3,2,2,28,2,2,2,1,1,1,2
1,1,24,4,4,1938,2,2,4,2,3,3,1,32,2,2,1,2,1,1,2
0,1,24,4,3,2910,2,4,2,4,3,1,4,34,2,1,1,1,1,2,2
0,1,18,4,7,2659,1,3,4,4,3,2,2,28,2,2,1,2,1,1,2
0,4,18,2,2,1028,2,3,4,1,3,3,3,36,2,2,2,2,1,1,2
0,1,8,2,2,3398,2,4,1,4,3,4,3,39,2,2,2,4,1,1,1
0,4,12,2,7,5801,5,1,2,4,3,4,1,49,2,3,1,2,1,2,2
0,4,24,4,2,1525,1,4,4,1,3,3,2,34,2,2,1,2,2,2,2
0,2,36,4,4,4473,2,1,4,4,3,2,2,31,2,2,1,2,1,1,2
0,3,6,4,4,1068,2,1,4,4,3,4,2,28,2,2,1,2,2,1,2
0,1,24,2,3,6615,2,5,2,4,3,4,4,75,2,1,2,1,1,2,2
1,4,18,2,0,1864,3,3,4,1,3,2,3,30,2,2,2,2,1,1,2
1,3,60,4,2,7408,3,2,4,1,3,2,1,24,2,2,1,1,1,1,2
1,4,48,2,3,11590,3,3,2,1,3,4,2,24,1,3,2,4,1,1,2
1,1,24,5,7,4110,2,1,3,4,3,4,4,23,1,3,2,2,2,1,2
1,1,6,2,7,3384,2,3,1,2,3,4,3,44,2,3,1,1,1,2,2
0,3,13,4,4,2101,2,2,2,1,2,4,1,23,2,2,1,4,1,1,2
1,1,15,4,8,1275,5,3,4,1,3,2,2,24,2,3,1,2,1,1,2
0,1,24,4,7,4169,2,3,4,4,3,4,1,28,2,2,1,2,1,1,2
0,3,10,4,7,1521,2,3,4,2,3,2,2,31,2,2,1,4,1,1,2
0,3,24,2,0,5743,2,2,2,1,3,4,4,24,2,1,2,2,1,2,2
0,1,21,4,7,3599,2,4,1,1,3,4,2,26,2,3,1,4,1,1,2
0,3,18,4,4,3213,4,2,1,3,3,3,3,25,2,3,1,2,1,1,2
0,3,18,4,1,4439,2,1,1,4,1,1,3,33,1,2,1,1,1,2,2
0,2,10,4,2,3949,2,2,1,4,2,1,1,37,2,2,1,4,2,1,2
0,4,15,2,4,1459,2,3,4,1,3,2,2,43,2,2,1,4,1,1,2
0,3,13,2,4,882,2,2,4,4,2,4,3,23,2,2,2,2,1,1,2
0,3,24,4,4,3758,4,5,1,1,3,4,4,23,2,3,1,3,1,1,2
0,4,6,3,1,1743,3,3,1,4,3,2,3,34,2,2,2,4,1,1,2
1,3,9,2,0,1136,1,1,4,4,3,3,4,32,2,1,2,2,2,1,2
0,4,9,4,8,1236,2,2,1,1,3,4,3,23,2,3,1,2,1,2,2
1,3,9,4,7,959,2,3,1,1,3,2,2,29,2,2,1,2,1,1,1
0,4,18,2,3,3229,5,5,2,4,3,4,4,38,2,2,1,1,1,2,2
1,1,12,5,4,6199,2,3,4,4,3,2,1,28,2,3,2,2,1,2,2
0,4,10,4,0,727,4,1,4,4,3,4,4,46,2,1,1,2,1,2,2
1,3,24,4,2,1246,2,2,4,4,3,2,3,23,3,2,1,4,1,1,2
0,4,12,2,4,2331,5,1,1,4,1,4,3,49,2,2,1,2,1,2,2
1,4,36,3,4,4463,2,3,4,4,3,2,2,26,2,2,2,1,1,2,2
0,4,12,4,4,776,2,3,4,3,3,2,3,28,2,2,1,2,1,1,2
1,1,30,4,7,2406,2,4,4,1,3,4,3,23,2,3,1,2,1,1,2
0,3,18,4,0,1239,5,3,4,4,3,4,4,61,2,1,1,2,1,1,2
0,2,12,4,4,3399,5,1,2,4,3,3,2,37,2,2,1,1,1,1,2
0,2,12,3,2,2247,2,3,2,1,3,2,2,36,3,2,2,2,1,2,2
0,4,6,4,7,1766,2,3,1,3,3,2,1,21,2,3,1,2,1,1,2
1,1,18,4,7,2473,2,5,4,4,3,1,2,25,2,2,1,3,1,1,2
0,4,12,4,1,1542,2,4,2,4,3,4,2,36,2,2,1,2,1,2,2
0,4,18,2,3,3850,2,4,3,4,3,1,2,27,2,2,2,2,1,1,2
0,1,18,4,7,3650,2,2,1,1,3,4,2,22,2,3,1,2,1,1,2
1,1,36,4,7,3446,2,1,4,4,3,2,2,42,2,2,1,2,2,1,2
0,3,18,4,7,3001,2,4,2,1,3,4,3,40,2,3,1,2,1,1,2
0,4,36,4,2,3079,5,3,4,4,3,4,3,36,2,2,1,2,1,1,2
0,4,18,2,4,6070,2,1,3,4,3,4,2,33,2,2,2,2,1,2,2
0,4,10,2,7,2146,2,2,1,1,3,3,3,23,2,3,2,2,1,1,2
0,4,60,2,2,13756,5,1,2,4,3,4,4,63,1,1,1,1,1,2,2
1,3,60,1,6,14782,3,1,3,1,3,4,4,60,1,1,2,1,1,2,2
1,1,48,1,1,7685,2,4,2,1,2,4,2,37,2,3,1,2,1,1,2
0,4,18,3,4,2320,2,5,2,3,3,3,3,34,2,2,2,2,1,1,2
0,4,7,3,4,846,5,1,3,4,3,4,4,36,2,1,1,2,1,1,2
1,3,36,4,2,14318,2,1,4,4,3,2,4,57,2,1,1,1,1,2,2
0,4,6,2,2,362,3,3,4,1,3,4,2,52,2,2,2,4,1,1,2
0,1,20,4,7,2212,5,4,4,4,3,4,2,39,2,2,1,2,1,2,2
1,3,18,4,3,12976,2,5,3,1,3,4,4,38,2,1,1,1,1,2,2
0,4,22,4,2,1283,5,4,4,1,3,4,1,25,2,3,1,2,1,1,2
0,2,12,4,2,1330,2,2,4,4,3,1,3,26,2,2,1,2,1,1,2
0,4,30,3,1,4272,3,3,2,4,3,2,1,26,2,2,2,4,1,1,2
0,4,18,2,4,2238,2,3,2,1,3,1,2,25,2,2,2,2,1,1,2
0,4,18,4,4,1126,5,2,4,1,3,2,3,21,2,3,1,2,1,2,2
0,3,18,2,7,7374,2,5,4,4,3,4,1,40,3,2,2,1,1,2,2
0,3,15,2,1,2326,4,3,2,4,3,4,2,27,1,2,1,2,1,1,2
0,4,9,4,1,1449,2,4,3,1,3,2,2,27,2,2,2,2,1,1,2
0,4,18,4,2,1820,2,3,2,3,3,2,1,30,2,2,1,1,1,2,2
0,3,12,4,7,983,1,2,1,1,3,4,3,19,2,3,1,4,1,1,2
0,1,36,4,2,3249,2,4,2,4,3,4,4,39,1,1,1,1,2,2,2
0,1,6,2,4,1957,2,4,1,1,3,4,2,31,2,2,1,2,1,1,2
0,4,9,2,7,2406,2,5,2,4,3,3,2,31,2,2,1,1,1,1,2
0,3,39,3,0,11760,3,4,2,4,3,3,4,32,2,3,1,2,1,2,2
0,1,12,4,7,2578,2,5,3,1,3,4,4,55,2,1,1,1,1,1,2
0,1,36,2,7,2348,2,3,3,3,3,2,1,46,2,2,2,2,1,2,2
1,3,12,4,2,1223,2,1,1,2,3,1,3,46,2,3,2,2,1,1,2
0,4,24,2,4,1516,1,3,4,1,3,1,3,43,2,2,2,4,1,1,2
0,4,18,4,4,1473,2,2,3,3,3,4,3,39,2,2,1,2,1,2,2
0,3,18,2,1,1887,5,3,4,3,3,4,3,28,1,2,2,2,1,1,2
1,4,24,3,1,8648,2,2,2,4,3,2,2,27,1,2,2,2,1,2,2
0,4,14,3,2,802,2,3,4,4,3,2,2,27,2,2,2,4,1,1,2
0,3,18,3,2,2899,5,1,4,4,3,4,2,43,2,2,1,2,2,1,2
1,3,24,4,4,2039,2,2,1,3,3,1,1,22,2,2,1,2,1,2,2
0,4,24,2,3,2197,5,4,4,4,3,4,2,43,2,2,2,2,2,2,2
0,1,15,4,4,1053,2,2,4,3,3,2,3,27,2,2,1,2,1,1,1
0,4,24,4,4,3235,4,1,3,2,3,2,2,26,2,2,1,1,1,2,2
1,2,12,2,2,939,4,4,4,3,3,2,3,28,2,2,3,2,1,2,2
0,3,24,4,4,1967,2,1,4,1,3,4,2,20,2,2,1,2,1,2,2
0,4,33,2,3,7253,2,4,3,4,3,2,2,35,2,2,2,1,1,2,2
1,4,12,2,1,2292,2,5,4,4,3,2,2,42,3,2,2,1,1,2,2
0,4,10,4,2,1597,4,3,3,4,3,2,4,40,2,3,1,4,2,1,1
1,1,24,4,2,1381,5,3,4,1,3,2,1,35,2,2,1,2,1,1,2
0,4,36,2,3,5842,2,1,2,4,3,2,1,35,2,2,2,2,2,2,2
1,1,12,4,2,2579,2,2,4,4,3,1,3,33,2,2,1,4,2,1,2
0,1,18,3,0,8471,5,3,1,1,3,2,2,23,2,3,2,2,1,2,2
0,4,21,4,2,2782,4,4,1,1,3,2,2,31,1,2,1,1,1,1,2
1,3,18,4,2,1042,5,3,4,1,3,2,1,33,2,2,1,2,1,1,2
0,4,15,4,2,3186,1,4,2,1,3,3,2,20,2,3,1,2,1,1,2
0,3,12,4,3,2028,5,3,4,4,3,2,2,30,2,2,1,2,1,1,2
0,3,12,2,2,958,2,4,2,4,3,3,3,47,2,2,2,4,2,1,2
0,4,21,3,7,1591,3,4,4,4,3,3,3,34,2,2,2,1,1,1,2
1,3,12,4,7,2762,5,1,1,1,3,2,1,25,1,2,1,2,1,2,2
0,3,18,4,3,2779,2,3,1,3,3,3,2,21,2,3,1,2,1,2,2
0,4,28,2,4,2743,2,1,4,4,3,2,2,29,2,2,2,2,1,1,2
0,4,18,2,4,1149,1,3,4,4,3,3,3,46,2,2,2,2,1,1,2
0,4,9,4,7,1313,2,1,1,4,3,4,2,20,2,2,1,2,1,1,2
1,1,18,2,5,1190,2,5,2,1,3,4,4,55,2,1,3,3,2,1,2
0,4,5,4,1,3448,2,4,1,4,3,4,3,74,2,2,1,4,1,1,2
1,3,24,4,6,11328,2,3,2,4,1,3,2,29,1,2,2,1,1,2,2
0,1,6,2,7,1872,2,5,4,4,3,4,4,36,2,1,3,1,1,2,2
0,4,24,2,5,2058,2,3,4,2,3,2,3,33,2,2,2,2,1,2,2
0,1,9,4,7,2136,2,3,3,4,3,2,3,25,2,2,1,2,1,1,2
1,3,12,4,4,1484,5,3,2,3,3,1,3,25,2,2,1,2,1,2,2
0,4,6,4,5,660,4,4,2,3,3,4,3,23,2,3,1,4,1,1,2
0,4,24,2,2,1287,1,1,4,1,3,4,3,37,2,2,2,2,1,2,2
0,1,42,2,5,3394,2,5,4,4,1,4,2,65,2,2,2,3,1,1,2
1,2,12,1,1,609,2,2,4,1,3,1,3,26,2,2,1,3,1,1,2
0,4,12,4,2,1884,2,1,4,4,3,4,2,39,2,2,1,1,1,2,2
0,1,12,4,7,1620,2,3,2,1,1,3,1,30,2,2,1,2,1,1,2
0,3,20,3,6,2629,2,3,2,4,3,3,2,29,1,2,2,2,1,2,2
1,4,12,4,0,719,2,1,4,4,3,4,2,41,1,2,1,4,2,1,2
1,3,48,2,7,5096,2,3,2,1,3,3,2,30,2,2,1,1,1,2,2
0,4,9,2,0,1244,5,1,4,1,3,4,1,41,2,3,2,4,1,1,2
1,1,36,4,2,1842,2,2,4,1,3,4,2,34,2,2,1,2,1,2,2
0,3,7,4,4,2576,2,3,2,4,2,2,3,35,2,2,1,2,1,1,2
0,2,12,4,7,1424,5,1,3,1,3,4,3,55,2,2,1,1,1,2,2
1,3,15,3,5,1512,1,3,3,3,3,3,1,61,3,2,2,2,1,1,2
0,4,36,2,3,11054,5,3,4,4,3,2,2,30,2,2,1,1,1,2,2
0,4,6,4,4,518,2,3,3,1,3,1,3,29,2,2,1,2,1,1,2
0,4,12,5,7,2759,2,1,2,4,3,4,1,34,2,2,2,2,1,1,2
0,4,24,4,3,2670,2,1,4,4,3,4,2,35,2,2,1,1,1,2,2
1,1,24,4,2,4817,2,4,2,4,1,3,1,31,2,2,1,2,1,2,2
0,4,24,4,3,2679,2,2,4,1,3,1,4,29,2,2,1,1,1,2,2
0,1,11,2,2,3905,2,3,2,4,3,2,3,36,2,3,2,2,2,1,2
1,1,12,4,3,3386,2,1,3,4,3,4,4,35,2,1,1,2,1,2,2
0,1,6,4,8,343,2,2,4,1,3,1,3,27,2,2,1,2,1,1,2
0,4,18,4,4,4594,2,2,3,4,3,2,2,32,2,2,1,2,1,2,2
0,1,36,4,7,3620,2,3,1,4,2,2,1,37,2,2,1,2,2,1,2
0,1,15,4,2,1721,2,2,2,4,3,3,3,36,2,2,1,2,1,1,2
0,3,12,4,7,3017,2,2,3,1,3,1,3,34,2,3,1,1,1,1,2
0,3,12,4,9,754,5,1,4,4,3,4,1,38,2,2,2,2,1,1,2
0,4,18,4,1,1950,2,4,4,4,3,1,2,34,3,2,2,2,1,2,2
0,1,24,4,3,2924,2,3,3,4,2,4,4,63,1,2,1,2,2,2,2
1,1,24,3,4,1659,2,2,4,1,3,2,2,29,2,3,1,4,1,2,2
0,4,48,3,4,7238,5,1,3,4,3,3,2,32,1,2,2,2,2,1,2
0,4,33,3,1,2764,2,3,2,1,3,2,2,26,2,2,2,2,1,2,2
0,4,24,3,3,4679,2,4,3,4,3,3,2,35,2,2,2,4,1,2,2
1,3,24,4,4,3092,3,2,3,3,3,2,2,22,2,3,1,2,1,2,2
1,1,6,4,0,448,2,2,4,1,3,4,1,23,2,2,1,2,1,1,2
1,1,9,4,2,654,2,3,4,4,3,3,2,28,2,2,1,4,1,1,2
0,4,6,4,9,1238,5,5,4,4,3,4,1,36,2,2,1,1,2,2,2
1,3,18,2,4,1245,2,3,4,3,3,2,2,33,2,2,1,2,1,1,2
1,1,18,5,7,3114,2,2,1,1,3,4,1,26,2,3,1,2,1,1,2
0,4,39,4,3,2569,4,3,4,4,3,4,2,24,2,2,1,2,1,1,2
0,2,24,4,4,5152,2,4,4,4,3,2,2,25,1,2,1,2,1,1,2
0,3,12,4,1,1037,3,4,3,4,3,4,3,39,2,2,1,4,1,1,2
0,1,15,2,7,1478,2,1,4,4,3,4,2,44,2,2,2,2,2,2,2
0,3,12,2,4,3573,2,3,1,1,3,1,3,23,2,2,1,4,1,1,2
0,3,24,4,2,1201,2,2,4,4,3,1,1,26,2,2,1,2,1,1,2
0,1,30,4,7,3622,1,1,4,1,3,4,1,57,2,3,2,2,1,2,2
0,4,15,3,7,960,1,4,3,1,3,2,1,30,2,2,2,2,1,1,2
0,4,12,2,2,1163,4,3,4,4,3,4,3,44,2,2,1,2,1,2,2
1,3,6,3,2,1209,2,5,4,4,3,4,1,47,2,2,1,1,1,2,2
0,4,12,4,4,3077,2,3,2,4,3,4,2,52,2,2,1,2,1,2,2
0,4,24,4,2,3757,2,1,4,1,1,4,4,62,2,1,1,2,1,2,2
0,4,10,4,2,1418,3,3,3,4,3,2,3,35,2,3,1,4,1,1,1
0,4,6,4,2,3518,2,3,2,4,2,3,1,26,2,3,1,2,1,1,2
0,4,12,2,4,1934,2,1,2,4,3,2,4,26,2,2,2,2,1,1,2
1,3,27,5,1,8318,2,1,2,1,3,4,4,42,2,1,2,1,1,2,2
0,4,6,2,4,1237,3,3,1,1,3,1,1,27,2,2,2,2,1,1,2
0,3,6,4,4,368,5,1,4,4,3,4,1,38,2,2,1,2,1,1,2
0,1,12,2,2,2122,2,3,3,4,3,2,3,39,2,3,2,4,2,1,1
1,1,24,4,7,2996,5,3,2,3,3,4,2,20,2,2,1,2,1,1,2
1,3,36,4,7,9034,3,2,4,4,1,1,4,29,2,3,1,1,1,2,2
0,4,24,2,7,1585,2,4,4,4,3,3,1,40,2,2,2,2,1,1,2
0,3,18,4,4,1301,2,1,4,3,2,2,3,32,2,2,1,4,1,1,2
0,2,6,2,2,1323,3,1,2,2,3,4,2,28,2,2,2,2,2,2,2
1,1,24,4,2,3123,2,2,4,1,3,1,1,27,2,2,1,2,1,1,2
0,1,36,4,3,5493,2,1,2,4,3,4,4,42,2,1,1,2,2,1,2
0,2,9,4,4,1126,3,1,2,2,3,4,3,49,2,2,1,2,1,1,2
1,3,24,2,4,1216,3,2,4,4,3,4,4,38,1,2,2,2,2,1,2
1,1,24,4,2,1207,2,2,4,1,3,4,1,24,2,3,1,2,1,1,2
1,4,10,4,2,1309,5,3,4,4,2,4,1,27,2,2,1,4,1,1,2
0,2,15,2,3,2360,4,3,2,4,3,2,2,36,2,2,1,2,1,2,2
1,3,15,1,2,6850,3,5,1,4,3,2,1,34,2,2,1,1,2,2,2
0,4,24,4,4,1413,2,3,4,3,3,2,1,28,2,2,1,2,1,1,2
0,4,39,4,3,8588,3,1,4,4,3,2,2,45,2,2,1,1,1,2,2
1,1,12,4,2,759,2,4,4,4,3,2,3,26,2,2,1,2,1,1,2
0,4,36,4,3,4686,2,3,2,4,3,2,4,32,2,1,1,1,1,2,2
0,2,15,4,1,2687,2,4,2,4,3,4,1,26,2,3,1,2,1,2,2
0,3,12,3,4,585,2,3,4,3,1,4,3,20,2,3,2,2,1,1,2
0,4,24,4,2,2255,5,2,4,4,3,1,1,54,2,2,1,2,1,1,2
0,1,6,2,2,609,2,4,4,1,3,3,1,37,2,2,2,2,1,1,1
0,1,6,2,2,1361,2,2,2,4,3,4,3,40,2,2,1,4,2,1,1
1,4,36,2,7,7127,2,2,2,1,3,4,1,23,2,3,2,2,1,2,2
0,1,6,4,2,1203,3,1,3,4,3,2,1,43,2,2,1,2,1,2,2
0,4,6,2,4,700,5,1,4,4,3,4,4,36,2,1,2,2,1,1,2
0,4,24,2,5,5507,2,1,3,4,3,4,4,44,2,1,2,2,1,1,2
1,1,18,4,4,3190,2,3,2,1,3,2,3,24,2,2,1,2,1,1,2
1,1,48,5,7,7119,2,3,3,4,3,4,4,53,2,1,2,2,2,1,2
0,4,24,4,3,3488,3,4,3,1,3,4,2,23,2,2,1,2,1,1,2
0,3,18,4,4,1113,2,3,4,1,2,4,3,26,2,2,1,4,2,1,2
0,3,26,4,3,7966,2,2,2,4,3,3,2,30,2,2,2,2,1,1,2
0,4,15,2,0,1532,3,3,4,1,3,3,2,31,2,2,1,2,1,1,2
0,4,4,2,4,1503,2,4,2,4,3,1,3,42,2,2,2,4,2,1,2
1,1,36,4,4,2302,2,3,4,2,3,4,2,31,2,3,1,2,1,1,2
0,1,6,4,2,662,2,2,3,4,3,4,3,41,2,2,1,4,2,2,2
0,3,36,4,0,2273,2,4,3,4,3,1,2,32,2,2,2,2,2,1,2
1,3,15,4,2,2631,3,3,2,1,3,4,2,28,2,3,2,2,1,2,2
0,4,12,3,3,1503,2,3,4,3,3,4,3,41,2,3,1,2,1,1,2
0,4,24,4,4,1311,3,4,4,3,3,3,1,26,2,2,1,2,1,2,2
0,4,24,4,4,3105,5,2,4,4,3,2,2,25,2,2,2,2,1,1,2
1,2,21,2,0,2319,2,2,2,2,3,1,2,33,2,3,1,2,1,1,2
0,1,6,4,2,1374,5,5,4,1,3,3,1,75,2,2,1,1,1,2,2
0,3,18,2,7,3612,2,1,3,1,3,4,1,37,2,2,1,2,1,2,2
1,1,48,4,2,7763,2,1,4,4,3,4,4,42,1,1,1,1,1,1,2
0,2,18,4,7,3049,2,2,1,1,3,1,1,45,3,2,1,4,1,1,2
1,3,12,4,4,1534,2,2,1,3,3,1,3,23,2,3,1,2,1,1,2
0,4,24,3,2,2032,2,1,4,4,3,4,4,60,2,1,2,2,1,2,2
1,1,30,4,7,6350,5,1,4,4,3,4,1,31,2,2,1,2,1,1,2
1,2,18,4,7,2864,2,3,2,4,3,1,3,34,2,2,1,4,2,1,2
0,4,12,2,2,1255,2,1,4,4,3,4,3,61,2,2,2,4,1,1,2
1,1,24,3,2,1333,2,5,4,4,3,2,3,43,2,1,2,2,2,1,2
0,4,24,2,2,2022,2,3,4,1,3,4,2,37,2,2,1,2,1,2,2
0,4,24,4,4,1552,2,4,3,4,3,1,2,32,1,2,1,2,2,1,2
1,1,12,1,4,626,2,3,4,1,3,4,3,24,1,2,1,4,1,1,2
0,4,48,2,3,8858,5,4,2,4,3,1,4,35,2,1,2,2,1,2,2
0,4,12,2,5,996,5,4,4,1,3,4,3,23,2,2,2,2,1,1,2
0,4,6,1,4,1750,4,1,2,4,3,4,1,45,1,2,1,4,2,1,2
1,1,48,4,4,6999,2,4,1,3,2,1,3,34,2,2,2,2,1,2,2
0,3,12,2,2,1995,3,2,4,4,3,1,2,27,2,2,1,2,1,1,2
0,3,9,4,0,1199,2,4,4,1,3,4,1,67,2,2,2,1,1,2,2
1,3,12,4,4,1331,2,2,2,4,3,1,2,22,3,2,1,2,1,1,2
1,3,18,5,2,2278,3,2,3,1,3,3,2,28,2,2,2,2,1,1,2
1,4,21,5,2,5003,5,3,1,1,3,4,1,29,1,2,2,2,1,2,2
1,1,24,1,7,3552,2,4,3,4,3,4,2,27,1,2,1,2,1,1,2
1,3,18,2,7,1928,2,2,2,4,3,2,3,31,2,2,2,4,1,1,2
0,1,24,4,3,2964,5,1,4,4,3,4,4,49,1,1,1,2,2,2,2
1,1,24,1,4,1546,2,4,4,4,2,4,2,24,1,3,1,4,1,1,2
0,2,6,3,4,683,2,2,2,1,3,1,1,29,1,2,1,2,1,1,2
1,3,36,4,2,12389,5,3,1,4,3,4,4,37,2,1,1,2,1,2,2
0,3,24,3,1,4712,5,3,4,4,3,2,1,37,1,2,2,1,1,2,2
0,3,24,3,4,1553,3,4,3,1,3,2,1,23,2,3,2,2,1,2,2
1,1,12,4,2,1372,2,4,2,2,3,3,2,36,2,2,1,2,1,1,2
0,4,24,2,4,2578,1,1,2,4,3,2,2,34,2,2,1,2,1,1,2
0,3,48,4,4,3979,5,4,4,4,3,1,2,41,2,2,2,2,2,2,2
1,1,48,4,4,6758,2,3,3,1,3,2,2,31,2,2,1,2,1,2,2
1,1,24,4,7,3234,2,2,4,1,3,4,3,23,2,3,1,4,1,2,2
0,4,30,2,4,5954,2,4,3,4,1,2,2,38,2,2,1,2,1,1,2
0,4,24,4,3,5433,5,5,2,1,3,4,1,26,2,3,1,1,1,2,2
0,1,15,4,1,806,2,3,4,1,3,4,1,22,2,2,1,4,1,1,2
0,3,9,4,4,1082,2,1,4,4,3,4,2,27,2,2,2,4,1,1,2
0,4,15,2,7,2788,2,4,2,1,1,3,2,24,1,2,2,2,1,1,2
0,3,12,4,4,2930,2,4,2,1,3,1,3,27,2,2,1,2,1,1,2
0,4,24,2,0,1927,5,3,3,1,3,2,2,33,2,2,2,2,1,2,2
1,3,36,2,2,2820,2,2,4,2,3,4,2,27,2,2,2,2,1,1,2
0,4,24,4,9,937,2,2,4,3,3,3,2,27,2,2,2,4,1,1,2
1,3,18,2,2,1056,2,1,3,4,2,3,3,30,1,2,2,2,1,1,2
0,3,12,2,2,3124,2,2,1,4,3,3,3,49,1,2,2,4,2,1,2
0,4,9,4,7,1388,2,3,4,1,3,2,3,26,2,3,1,2,1,1,2
1,3,36,4,5,2384,2,2,4,4,3,1,4,33,2,3,1,4,1,1,2
0,4,12,4,2,2133,5,1,4,1,3,4,4,52,2,1,1,1,1,2,2
1,1,18,4,7,2039,2,3,1,1,3,4,3,20,1,3,1,2,1,1,2
0,1,9,2,2,2799,2,3,2,4,3,2,3,36,2,3,2,2,2,1,2
0,1,12,4,7,1289,2,3,4,4,2,1,1,21,2,2,1,4,1,1,2
1,1,18,4,8,1217,2,3,4,3,3,3,3,47,2,2,1,4,1,2,2
1,1,12,2,7,2246,2,1,3,4,3,3,1,60,2,2,2,2,1,1,2
0,1,12,2,4,385,2,4,4,1,3,3,3,58,2,2,4,4,1,2,2
0,3,24,3,2,1965,5,3,4,1,3,4,2,42,2,3,2,2,1,2,2
0,4,21,4,1,1572,1,1,4,1,3,4,3,36,1,2,1,4,1,1,2
1,3,24,4,2,2718,2,3,3,1,3,4,1,20,2,3,1,4,1,2,2
1,1,24,1,6,1358,5,1,4,4,3,3,2,40,3,2,1,1,1,2,2
1,3,6,1,2,931,3,2,1,1,3,1,1,32,3,2,1,4,1,1,2
1,1,24,4,2,1442,2,4,4,1,3,4,2,23,2,3,2,2,1,1,2
1,3,24,5,1,4241,2,3,1,4,3,4,3,36,2,2,3,4,1,2,2
1,4,18,2,2,2775,2,4,2,4,3,2,1,31,1,2,2,2,1,1,2
0,4,24,3,1,3863,2,3,1,4,3,2,4,32,2,1,1,2,1,1,2
0,3,7,4,4,2329,2,2,1,1,2,1,3,45,2,2,1,2,1,1,2
1,3,9,4,7,918,2,3,4,1,3,1,1,30,2,2,1,2,1,1,2
1,3,24,1,0,1837,2,4,4,1,3,4,4,34,1,1,1,4,1,1,2
1,4,36,4,7,3349,2,3,4,1,3,2,2,28,2,2,1,1,1,2,2
0,2,10,4,7,1275,2,2,4,1,3,2,1,23,2,2,1,2,1,1,2
0,1,24,1,7,2828,4,3,4,4,3,4,3,22,3,2,1,2,1,2,2
0,4,24,2,1,4526,2,3,3,4,3,2,3,74,2,2,1,1,1,2,2
1,3,36,4,4,2671,3,3,4,1,1,4,4,50,2,1,1,2,1,1,2
0,4,18,4,4,2051,2,2,4,4,3,1,3,33,2,2,1,2,1,1,2
0,4,15,4,3,1300,5,1,4,4,3,4,4,45,1,1,1,2,2,1,2
1,1,12,4,8,741,3,5,4,1,3,3,1,22,2,2,1,2,1,1,2
1,2,10,4,2,1240,3,1,1,1,3,4,4,48,2,1,1,4,2,1,2
0,1,21,4,4,3357,1,2,4,1,3,2,2,29,1,2,1,2,1,1,2
0,1,24,1,3,3632,2,3,1,1,2,4,2,22,1,3,1,2,1,1,1
1,4,18,3,7,1808,2,4,4,1,3,1,3,22,2,2,1,2,1,1,2
0,3,48,5,1,12204,5,3,2,4,3,2,2,48,1,2,1,1,1,2,2
0,3,60,3,4,9157,5,3,2,4,3,2,4,27,2,1,1,1,1,1,2
0,1,6,2,2,3676,2,3,1,4,3,3,3,37,2,3,3,2,2,1,2
1,3,30,4,7,3441,3,3,2,1,1,4,2,21,2,3,1,2,1,1,2
0,4,12,4,2,640,2,3,4,2,3,2,3,49,2,2,1,4,1,1,2
0,3,21,2,1,3652,2,4,2,4,3,3,1,27,2,2,2,2,1,1,2
1,4,18,2,2,1530,2,3,3,4,3,2,1,32,1,2,2,2,1,1,2
1,4,48,4,1,3914,5,3,4,2,3,2,3,38,1,2,1,2,1,1,2
0,1,12,4,7,1858,2,2,4,1,3,1,2,22,2,3,1,2,1,1,2
1,1,18,4,4,2600,2,3,4,4,3,4,4,65,2,1,2,2,1,1,2
0,4,15,4,4,1979,5,1,4,4,3,2,2,35,2,2,1,2,1,1,2
0,2,6,4,7,2116,2,3,2,4,3,2,3,41,2,2,1,2,1,2,2
1,3,9,1,2,1437,3,4,2,4,3,3,4,29,2,2,1,2,1,1,2
0,4,42,2,7,4042,4,3,4,4,3,4,3,36,2,2,2,2,1,2,2
0,4,9,4,0,3832,5,1,1,4,3,4,3,64,2,2,1,4,1,1,2
0,1,24,4,4,3660,2,3,2,1,3,4,2,28,2,2,1,2,1,1,2
1,1,18,1,7,1553,2,3,4,4,3,3,2,44,1,2,1,2,1,1,2
0,3,15,4,4,1444,5,2,4,4,3,1,1,23,2,2,1,2,1,1,2
1,4,9,4,7,1980,2,2,2,1,1,2,2,19,2,3,2,2,1,1,2
1,3,24,4,2,1355,2,2,3,1,3,4,2,25,2,2,1,4,1,2,2
0,4,12,4,0,1393,2,1,4,4,3,4,1,47,1,2,3,2,2,2,2
0,4,24,4,4,1376,4,4,4,1,3,1,2,28,2,2,1,2,1,1,2
0,4,60,3,4,15653,2,4,2,4,3,4,2,21,2,2,2,2,1,2,2
0,4,12,4,4,1493,2,2,4,1,3,3,2,34,2,2,1,2,2,1,2
1,1,42,3,4,4370,2,4,3,4,3,2,1,26,1,2,2,2,2,2,2
1,1,18,4,0,750,2,5,4,1,3,1,3,27,2,2,1,3,1,1,2
0,3,15,4,5,1308,2,1,4,4,3,4,2,38,2,2,2,4,1,1,2
1,4,15,4,0,4623,3,3,3,4,3,2,1,40,2,2,1,1,1,2,2
0,4,24,2,4,1851,2,4,4,3,2,2,2,33,2,2,2,2,1,2,2
0,1,18,2,4,1880,2,4,4,3,3,1,1,32,2,2,2,1,1,2,2
1,4,36,3,1,7980,5,2,4,4,3,4,2,27,2,3,2,2,1,2,2
0,1,30,5,7,4583,2,3,2,2,2,2,3,32,2,2,2,2,1,1,2
1,4,12,4,2,1386,4,3,2,1,3,2,1,26,2,2,1,2,1,1,2
1,2,24,4,2,947,2,4,4,4,3,3,4,38,1,1,1,2,2,1,2
1,1,12,4,0,684,2,3,4,4,3,4,2,40,2,3,1,4,2,1,2
0,1,48,4,0,7476,2,4,4,4,3,1,4,50,2,1,1,1,1,2,2
1,3,12,4,7,1922,2,3,4,4,3,2,1,37,2,2,1,4,1,1,2
1,1,24,4,2,2303,2,1,4,4,1,1,3,45,2,2,1,2,1,1,2
1,3,36,3,2,8086,3,1,2,4,3,4,2,42,2,2,4,1,1,2,2
0,4,24,2,3,2346,2,4,4,4,3,3,2,35,2,2,2,2,1,2,2
0,1,14,4,2,3973,2,5,1,4,3,4,4,22,2,1,1,2,1,1,2
1,3,12,4,2,888,2,1,4,4,3,4,2,41,1,2,1,4,2,1,2
0,4,48,4,4,10222,5,4,4,4,3,3,2,37,3,2,1,2,1,2,2
0,3,30,5,1,4221,2,3,2,1,3,1,2,28,2,2,2,2,1,1,2
0,3,18,2,7,6361,2,1,2,4,3,1,4,41,2,2,1,2,1,2,2
0,2,12,4,4,1297,2,3,3,3,3,4,3,23,2,3,1,2,1,1,2
1,1,12,4,2,900,5,3,4,3,3,2,2,23,2,2,1,2,1,1,2
0,4,21,4,7,2241,2,1,4,4,3,2,3,50,2,2,2,2,1,1,2
0,3,6,3,7,1050,2,5,4,4,3,1,1,35,3,2,2,1,1,2,2
0,2,6,2,0,1047,2,3,2,1,3,4,1,50,2,2,1,4,1,1,2
0,4,24,2,6,6314,2,5,4,4,1,2,4,27,1,2,2,1,1,2,2
0,3,30,1,7,3496,1,3,4,4,3,2,2,34,3,2,1,2,2,2,2
0,4,48,1,1,3609,2,3,1,1,3,1,3,27,3,2,1,2,1,1,2
1,1,12,2,2,4843,2,1,3,4,1,4,1,43,2,3,2,2,1,2,2
0,2,30,2,4,3017,2,1,4,4,3,4,1,47,2,2,1,2,1,1,2
0,4,24,2,1,4139,3,3,3,4,3,3,1,27,2,2,2,4,1,2,2
0,4,36,4,1,5742,3,4,2,4,3,2,2,31,2,2,2,2,1,2,2
0,4,60,4,2,10366,2,1,2,4,3,4,1,42,2,2,1,1,1,2,2
0,4,6,2,2,2080,4,3,1,3,3,2,2,24,2,2,1,2,1,1,2
1,4,21,3,1,2580,4,2,4,4,3,2,3,41,1,2,1,4,2,1,2
0,4,30,2,4,4530,2,4,4,1,3,4,2,26,2,3,1,1,1,2,2
0,4,24,2,7,5150,2,1,4,4,3,4,2,33,2,2,1,2,1,2,2
1,3,72,4,4,5595,3,3,2,3,3,2,2,24,2,2,1,2,1,1,2
0,1,24,4,4,2384,2,1,4,4,3,4,3,64,1,3,1,4,1,1,2
0,4,18,4,4,1453,2,2,3,1,3,1,3,26,2,2,1,2,1,1,2
0,4,6,4,0,1538,2,2,1,1,3,2,4,56,2,2,1,2,1,1,2
0,4,12,4,4,2279,5,3,4,4,3,4,4,37,2,1,1,2,1,2,2
0,4,15,3,4,1478,2,3,4,3,3,3,3,33,1,2,2,2,1,1,2
0,4,24,2,4,5103,2,2,3,3,3,3,4,47,2,1,3,2,1,2,2
0,3,36,3,1,9857,3,4,1,4,3,3,1,31,2,2,2,4,2,2,2
0,4,60,4,2,6527,5,3,4,4,3,4,4,34,2,1,1,2,2,2,2
0,2,10,2,4,1347,5,4,4,4,3,2,1,27,2,2,2,2,1,2,2
0,3,36,3,2,2862,3,1,4,4,3,3,4,30,2,1,1,2,1,1,2
0,4,9,4,4,2753,3,1,3,4,1,4,2,35,2,2,1,2,1,2,2
0,1,12,4,2,3651,1,3,1,4,3,3,1,31,2,2,1,2,2,1,2
0,1,15,2,7,975,2,3,2,2,3,3,1,25,2,2,2,2,1,1,2
0,3,15,4,5,2631,3,3,3,1,3,2,3,25,2,2,1,4,1,1,2
0,3,24,4,4,2896,3,2,2,4,3,1,2,29,2,2,1,2,1,1,2
0,1,6,2,2,4716,5,2,1,4,3,3,3,44,2,2,2,4,2,1,2
0,4,24,4,4,2284,2,4,4,4,3,2,2,28,2,2,1,2,1,2,2
0,4,6,4,3,1236,4,3,2,4,3,4,1,50,2,3,1,2,1,1,2
0,3,12,4,4,1103,2,4,4,4,2,3,3,29,2,2,2,2,1,1,1
0,4,12,2,2,926,2,5,1,1,3,2,1,38,2,2,1,3,1,1,2
0,4,18,2,4,1800,2,3,4,4,3,2,2,24,2,2,2,2,1,1,2
0,2,15,4,0,1905,2,1,4,4,3,4,2,40,2,3,1,1,1,2,2
1,4,12,4,7,1123,4,3,4,1,3,4,2,29,2,3,1,4,1,1,2
1,1,48,2,3,6331,2,1,4,4,3,4,4,46,2,1,2,2,1,2,2
0,2,24,4,4,1377,3,1,4,1,3,2,4,47,2,1,1,2,1,2,2
0,3,30,3,1,2503,3,1,4,4,3,2,1,41,3,2,2,2,1,1,2
0,3,27,4,1,2528,2,2,4,1,3,1,1,32,2,2,1,2,2,2,2
0,4,15,4,2,5324,4,1,1,1,3,4,4,35,2,1,1,2,1,1,2
1,3,48,4,2,6560,3,4,3,4,3,2,1,24,2,2,1,2,1,1,2
1,3,12,5,7,2969,2,2,4,1,3,3,1,25,2,3,2,2,1,1,2
0,3,9,4,4,1206,2,1,4,1,3,4,3,25,2,2,1,2,1,1,2
0,3,9,4,4,2118,2,3,2,4,3,2,3,37,2,2,1,4,2,1,2
0,4,18,2,4,629,4,1,4,4,3,3,1,32,1,2,2,1,1,2,2
1,1,6,1,0,1198,2,1,4,1,3,4,4,35,2,1,1,2,1,1,2
0,4,21,4,3,2476,5,1,4,4,3,4,3,46,2,2,1,1,1,2,2
0,1,9,2,4,1138,2,3,4,4,3,4,3,25,2,2,2,4,1,1,2
1,3,60,4,2,14027,2,4,4,4,3,2,4,27,2,2,1,1,1,2,2
0,4,30,2,3,7596,5,1,1,4,3,4,2,63,2,2,2,2,1,1,2
0,4,30,2,4,3077,5,1,3,4,3,2,2,40,2,2,2,2,2,2,2
0,4,18,4,4,1505,2,3,4,4,3,2,4,32,2,1,1,1,1,2,2
0,2,24,2,4,3148,5,3,3,4,3,2,2,31,2,2,2,2,1,2,2
0,3,20,5,3,6148,3,1,3,3,3,4,2,31,1,2,2,2,1,2,2
1,2,9,5,4,1337,2,2,4,4,3,2,2,34,2,2,2,1,1,2,2
1,3,6,1,0,433,1,2,4,1,3,2,1,24,1,3,1,2,2,1,2
1,1,12,4,2,1228,2,3,4,1,3,2,3,24,2,2,1,4,1,1,2
0,3,9,4,4,790,4,3,4,1,3,3,3,66,2,2,1,4,1,1,2
1,4,27,4,2,2570,2,3,3,1,3,3,3,21,2,3,1,2,1,1,2
0,4,6,2,2,250,1,3,2,1,3,2,3,41,1,2,2,4,1,1,2
0,4,15,2,4,1316,4,3,2,3,3,2,1,47,2,2,2,4,1,1,2
1,1,18,4,4,1882,2,3,4,1,3,4,2,25,1,3,2,2,1,1,2
1,3,48,1,1,6416,2,1,4,1,3,3,4,59,2,3,1,2,1,1,2
0,2,24,2,1,1275,1,3,2,2,3,4,3,36,2,2,2,2,1,2,2
0,3,24,3,4,6403,2,2,1,4,3,2,2,33,2,2,1,2,1,1,2
1,1,24,4,4,1987,2,3,2,4,3,4,3,21,2,3,1,4,2,1,2
0,3,8,4,4,760,2,4,4,1,2,2,3,44,2,2,1,4,1,1,2
0,4,24,4,3,2603,1,3,2,1,3,4,2,28,2,3,1,2,1,2,2
0,4,4,2,2,3380,2,4,1,1,3,1,3,37,2,2,1,2,2,1,2
0,3,36,1,8,3990,5,2,3,1,3,2,4,29,1,2,1,3,1,1,2
1,3,24,4,3,11560,2,3,1,1,3,4,2,23,2,3,2,1,1,1,2
0,1,18,4,2,4380,3,3,3,4,3,4,2,35,2,2,1,4,2,2,2
0,4,6,2,2,6761,2,4,1,4,3,3,4,45,2,2,2,1,2,2,2
1,3,30,5,1,4280,3,3,4,1,3,4,2,26,2,3,2,4,1,1,2
0,1,24,1,2,2325,3,4,2,4,3,3,2,32,1,2,1,2,1,1,2
0,3,10,1,4,1048,2,3,4,4,3,4,3,23,3,2,1,4,1,1,2
0,4,21,4,4,3160,5,1,4,4,3,3,1,41,2,2,1,2,1,2,2
0,1,24,1,7,2483,4,3,4,4,3,4,3,22,3,2,1,2,1,2,2
0,1,39,2,7,14179,5,4,4,4,3,4,1,30,2,2,2,1,1,2,2
0,1,13,2,1,1797,2,2,3,4,3,1,1,28,1,2,2,4,1,1,2
0,1,15,4,2,2511,2,5,1,1,3,4,2,23,2,3,1,2,1,1,2
1,1,12,4,2,1274,2,2,3,1,3,1,3,37,2,2,1,4,1,1,2
0,4,21,4,3,5248,5,3,1,4,3,3,2,26,2,2,1,2,1,1,2
0,4,15,4,3,3029,2,4,2,4,3,2,2,33,2,2,1,2,1,1,2
0,1,6,4,7,428,2,1,2,1,3,1,1,49,1,2,1,2,1,2,2
1,1,18,4,2,976,2,2,1,1,3,2,2,23,2,2,1,4,1,1,2
0,3,12,4,1,841,3,4,2,1,3,4,3,23,2,3,1,4,1,1,2
0,4,30,2,4,5771,2,4,4,1,3,2,2,25,2,2,2,2,1,1,2
1,4,12,3,5,1555,1,1,4,4,3,4,4,55,2,1,2,2,2,1,2
1,1,24,4,2,1285,5,4,4,1,3,4,4,32,2,3,1,2,1,1,2
0,2,6,2,2,1299,2,3,1,4,3,1,3,74,2,2,3,3,2,1,1
1,2,15,2,4,1271,5,3,3,4,3,4,4,39,2,1,2,2,1,2,2
0,4,24,4,2,1393,2,3,2,4,2,2,3,31,2,2,1,2,1,2,2
1,1,12,2,2,691,2,1,4,4,3,3,1,35,2,2,2,2,1,1,2
0,4,15,2,2,5045,5,1,1,1,3,4,2,59,2,2,1,2,1,2,2
1,1,18,2,7,2124,2,3,4,1,3,4,3,24,2,3,2,2,1,1,2
0,1,12,4,4,2214,2,3,4,4,3,3,1,24,2,2,1,4,1,1,2
1,4,21,2,2,12680,5,1,4,4,3,4,4,30,2,1,1,1,1,2,2
0,4,24,2,2,2463,3,4,4,3,3,3,1,27,2,2,2,2,1,2,2
0,3,12,4,4,1155,2,1,3,3,2,3,3,40,1,2,2,4,1,1,2
1,1,30,4,7,3108,2,2,2,2,3,4,1,31,2,2,1,4,1,1,2
0,4,10,4,3,2901,5,2,1,1,3,4,3,31,2,3,1,2,1,1,2
0,3,12,2,7,3617,2,1,1,4,3,4,2,28,2,3,3,2,1,2,2
0,4,12,2,4,1655,2,1,2,4,3,4,3,63,2,2,2,4,1,2,2
0,1,24,4,3,2812,5,1,2,1,3,4,3,26,2,3,1,2,1,1,2
1,1,36,2,0,8065,2,3,3,1,3,2,4,25,2,2,2,1,1,2,2
0,4,21,2,3,3275,2,1,1,4,3,4,2,36,2,2,1,1,1,2,2
0,4,24,2,4,2223,3,1,4,4,3,4,1,52,1,2,2,2,1,1,2
0,2,12,2,2,1480,4,5,2,4,3,4,4,66,1,1,3,3,1,1,2
1,1,24,4,2,1371,5,3,4,1,3,4,3,25,2,3,1,2,1,1,2
0,4,36,2,2,3535,2,4,4,4,3,4,2,37,2,2,2,2,1,2,2
0,1,18,4,4,3509,2,4,4,1,2,1,3,25,2,2,1,2,1,1,2
0,4,36,2,3,5711,1,1,4,4,3,2,2,38,2,2,2,1,1,2,2
0,3,18,4,5,3872,2,5,2,1,3,4,2,67,2,2,1,2,1,2,2
1,3,39,2,4,4933,2,4,2,4,2,2,3,25,2,2,2,2,1,1,2
0,4,24,2,2,1940,1,1,4,4,3,4,3,60,2,2,1,2,1,2,2
0,3,12,5,9,1410,2,3,2,4,3,2,3,31,2,2,1,4,1,2,2
1,3,12,4,2,836,3,2,4,1,3,2,1,23,1,2,1,4,1,1,2
0,3,20,4,3,6468,5,5,1,2,3,4,3,60,2,2,1,1,1,2,2
0,3,18,4,1,1941,1,3,4,4,3,2,1,35,2,2,1,4,1,2,2
0,4,22,4,4,2675,4,1,3,4,3,4,2,40,2,2,1,2,1,1,2
0,4,48,2,3,2751,5,1,4,4,3,3,2,38,2,2,2,2,2,2,2
1,3,48,3,0,6224,2,1,4,4,3,4,4,50,2,1,1,2,1,1,2
1,1,40,2,0,5998,2,3,4,4,3,3,4,27,1,2,1,2,1,2,2
1,3,21,4,1,1188,2,1,2,1,3,4,1,39,2,2,1,2,2,1,2
0,4,24,4,3,6313,5,1,3,4,3,4,2,41,2,2,1,1,2,2,2
0,4,6,2,7,1221,5,3,1,3,3,2,1,27,2,2,2,2,1,1,2
0,2,24,4,7,2892,2,1,3,2,3,4,4,51,2,1,1,2,1,1,2
0,4,24,4,7,3062,4,1,4,4,3,3,4,32,2,3,1,2,1,2,2
0,4,9,4,7,2301,3,2,2,1,3,4,1,22,2,3,1,2,1,1,2
1,1,18,4,3,7511,5,1,1,4,3,4,1,51,2,1,1,2,2,2,2
0,4,12,2,7,1258,2,2,2,1,3,4,1,22,2,3,2,4,1,1,2
0,4,24,3,2,717,5,1,4,3,3,4,2,54,2,2,2,2,1,2,2
0,3,9,4,2,1549,5,2,4,4,3,2,3,35,2,2,1,3,1,1,2
0,4,24,2,0,1597,2,1,4,4,3,4,4,54,2,1,2,2,2,1,2
0,3,18,2,4,1795,2,1,3,1,2,4,3,48,1,3,2,4,1,2,2
0,1,20,2,7,4272,2,1,1,1,3,4,1,24,2,2,2,2,1,1,2
0,4,12,2,4,976,5,1,4,4,3,4,2,35,2,2,2,2,1,1,2
0,3,12,4,2,7472,5,5,1,1,3,2,3,24,2,3,1,3,1,1,2
1,1,36,4,2,9271,2,4,2,4,3,1,2,24,2,2,1,2,1,2,2
0,3,6,4,4,590,2,2,3,3,3,3,3,26,2,2,1,4,1,1,1
0,4,12,2,4,930,5,1,4,4,3,4,3,65,2,2,4,2,1,1,2
0,3,42,1,3,9283,2,5,1,4,3,2,4,55,1,1,1,1,1,2,2
1,3,15,5,2,1778,2,2,2,1,3,1,3,26,2,3,2,3,1,1,2
0,3,8,4,1,907,2,2,3,3,3,2,3,26,2,2,1,2,1,2,2
0,3,6,4,4,484,2,4,3,3,2,3,3,28,1,2,1,4,1,1,2
1,1,36,2,3,9629,2,4,4,4,3,4,2,24,2,2,2,2,1,2,2
1,1,48,4,8,3051,2,3,3,4,3,4,2,54,2,2,1,2,1,1,2
1,1,48,4,2,3931,2,4,4,4,3,4,4,46,2,1,1,2,2,1,2
0,3,36,3,2,7432,2,3,2,1,3,2,1,54,2,3,1,2,1,1,2
0,4,6,4,8,1338,4,3,1,2,3,4,3,62,2,2,1,2,1,1,2
0,4,6,2,4,1554,2,4,1,1,3,2,2,24,2,3,2,2,1,2,2
0,1,36,4,6,15857,2,5,2,2,1,3,2,43,2,2,1,1,1,1,2
1,1,18,4,4,1345,2,3,4,3,3,3,3,26,1,2,1,2,1,1,2
0,4,12,4,2,1101,2,3,3,3,3,2,3,27,2,2,2,2,1,2,2
0,2,12,4,4,3016,2,3,3,3,3,1,2,24,2,2,1,2,1,1,2
1,1,36,4,7,2712,2,1,2,4,3,2,1,41,1,2,1,2,2,1,2
0,1,8,2,2,731,2,1,4,4,3,4,3,47,2,2,2,4,1,1,2
0,4,18,2,7,3780,2,2,3,2,3,2,2,35,2,2,2,1,1,2,2
0,1,21,2,2,1602,2,1,4,3,3,3,2,30,2,2,2,2,1,2,2
1,1,18,2,2,3966,2,1,1,1,3,4,3,33,1,3,3,2,1,2,2
1,4,18,5,1,4165,2,3,2,4,3,2,2,36,3,2,2,2,2,1,2
1,1,36,4,3,8335,5,1,3,4,3,4,4,47,2,1,1,2,1,1,2
0,3,48,3,1,6681,5,3,4,4,3,4,4,38,2,1,1,2,2,2,2
0,4,24,3,1,2375,4,3,4,4,3,2,2,44,2,2,2,2,2,2,2
1,1,18,4,2,1216,2,2,4,1,3,3,2,23,2,3,1,2,1,2,2
1,1,45,5,1,11816,2,1,2,4,3,4,2,29,2,3,2,2,1,1,2
0,3,24,4,4,5084,5,1,2,1,3,4,2,42,2,2,1,2,1,2,2
1,2,15,4,4,2327,2,2,2,1,3,3,3,25,2,2,1,4,1,1,2
1,1,12,5,2,1082,2,3,4,4,3,4,2,48,1,2,2,2,1,1,2
0,4,12,4,4,886,5,3,4,1,3,2,2,21,2,2,1,2,1,1,2
0,4,4,4,7,601,2,2,1,1,3,3,3,23,2,3,1,4,2,1,2
0,1,24,2,3,2957,2,1,4,4,3,4,1,63,2,2,2,2,1,2,2
0,4,24,2,4,2611,2,1,4,3,1,3,3,46,2,2,2,2,1,1,2
1,1,36,4,7,5179,2,4,4,4,3,2,1,29,2,2,1,2,1,1,2
0,4,21,3,3,2993,2,3,3,4,3,2,3,28,3,2,2,4,1,1,2
1,4,18,4,5,1943,2,2,4,1,3,4,3,23,2,2,1,2,1,1,2
0,4,24,1,1,1559,2,4,4,4,3,4,2,50,1,2,1,2,1,2,2
0,4,18,4,7,3422,2,1,4,4,3,4,1,47,1,2,3,2,2,2,2
0,3,21,4,7,3976,5,4,2,4,3,3,2,35,2,2,1,2,1,2,2
1,4,18,4,2,6761,5,3,2,4,3,4,2,68,2,3,2,2,1,1,2
0,4,24,4,2,1249,2,2,4,3,3,2,3,28,2,2,1,2,1,1,2
0,1,9,4,4,1364,2,4,3,4,3,4,3,59,2,2,1,2,1,1,2
1,1,12,4,4,709,2,1,4,4,3,4,3,57,3,2,1,4,1,1,2
1,1,20,2,2,2235,2,3,4,3,2,2,1,33,1,3,2,2,1,1,1
0,4,24,2,3,4042,5,4,3,4,3,4,1,43,2,2,2,2,1,2,2
0,4,15,2,4,1471,2,3,4,4,3,4,4,35,2,1,2,2,1,2,2
1,1,18,1,2,1442,2,4,4,4,3,4,4,32,2,1,2,4,2,1,2
0,4,36,3,2,10875,2,1,2,4,3,2,2,45,2,2,2,2,2,2,2
0,4,24,4,2,1474,3,2,4,3,3,3,3,33,2,2,1,2,1,2,2
0,4,10,4,9,894,5,4,4,1,3,3,1,40,2,2,1,2,1,2,2
0,4,15,2,7,3343,2,3,4,4,3,2,4,28,2,1,1,2,1,2,2
1,1,15,4,2,3959,2,3,3,1,3,2,1,29,2,2,1,2,1,2,2
0,4,9,4,2,3577,3,3,1,4,2,2,3,26,2,3,1,2,2,1,1
0,4,24,2,3,5804,1,3,4,4,3,2,3,27,2,2,2,2,1,1,2
1,4,18,3,1,2169,2,3,4,3,3,2,2,28,2,2,1,2,1,2,2
1,1,24,4,4,2439,2,2,4,1,3,4,3,35,2,2,1,2,1,2,2
0,4,27,2,7,4526,1,2,4,4,3,2,3,32,3,2,2,4,2,2,2
1,4,10,4,7,2210,2,3,2,4,3,2,3,25,1,3,1,4,1,1,2
0,4,15,4,7,2221,4,3,2,1,3,4,2,20,2,3,1,2,1,1,2
0,1,18,4,4,2389,2,2,4,1,3,1,2,27,3,2,1,2,1,1,2
0,4,12,2,7,3331,2,1,2,4,3,4,1,42,3,2,1,2,1,1,2
0,4,36,4,1,7409,5,1,3,4,3,2,1,37,2,2,2,2,1,1,2
0,1,12,4,7,652,2,1,4,1,3,4,1,24,2,3,1,2,1,1,2
0,4,36,3,7,7678,4,4,2,1,3,4,2,40,2,2,2,2,1,2,2
0,2,6,2,2,1343,2,1,1,4,3,4,3,46,2,2,2,2,2,1,1
0,1,24,2,1,1382,3,4,4,4,3,1,3,26,2,2,2,2,1,2,2
0,4,15,4,8,874,5,2,4,1,3,1,3,24,2,2,1,2,1,1,2
0,1,12,4,7,3590,2,3,2,4,1,2,1,29,2,2,1,4,2,1,2
0,3,11,2,2,1322,1,3,4,1,3,4,2,40,2,2,2,2,1,1,2
0,1,18,1,4,1940,2,2,3,4,1,4,4,36,1,1,1,1,1,2,2
0,4,36,4,4,3595,2,1,4,4,3,2,2,28,2,2,1,2,1,1,2
1,1,9,4,2,1422,2,2,3,4,3,2,4,27,2,1,1,1,1,2,2
0,4,30,2,4,6742,5,4,2,4,3,3,1,36,2,2,2,2,1,1,2
0,4,24,4,3,7814,2,4,3,4,3,3,2,38,2,2,1,1,1,2,2
0,4,24,4,3,9277,5,3,2,2,3,4,4,48,2,1,1,2,1,2,2
0,3,30,2,2,2181,5,1,4,4,3,4,3,36,2,2,2,2,1,1,2
0,4,18,2,4,1098,2,5,4,1,3,4,2,65,2,2,2,3,1,1,2
1,3,24,4,7,4057,2,4,3,2,3,3,2,43,2,2,1,2,1,2,2
1,1,12,4,0,795,2,2,4,1,3,4,1,53,2,2,1,2,1,1,2
0,3,24,2,1,2825,5,4,4,4,3,3,4,34,2,2,2,2,2,2,2
1,3,48,4,1,15672,2,3,2,4,3,2,2,23,2,2,1,2,1,2,2
0,4,36,2,2,6614,2,1,4,4,3,4,2,34,2,2,2,1,1,2,2
0,4,28,1,3,7824,5,2,3,4,2,4,3,40,1,3,2,2,2,2,2
0,1,27,2,1,2442,2,1,4,4,3,4,2,43,3,2,4,1,2,2,2
0,4,15,2,4,1829,2,1,4,4,3,4,2,46,2,2,2,2,1,2,2
0,1,12,2,2,2171,2,3,4,4,3,4,1,38,1,2,2,4,1,1,1
0,3,36,2,3,5800,2,3,3,4,3,4,2,34,2,2,2,2,1,2,2
0,4,18,2,4,1169,5,3,4,4,3,3,1,29,2,2,2,2,1,2,2
0,4,36,3,3,8947,5,4,3,4,3,2,2,31,3,2,1,1,2,2,2
0,1,21,4,4,2606,2,2,4,1,3,4,1,28,2,3,1,1,1,2,2
0,4,12,2,7,1592,1,4,3,1,3,2,1,35,2,2,1,2,1,1,1
0,4,15,4,7,2186,5,4,1,1,3,4,3,33,1,3,1,4,1,1,2
1,1,18,4,7,4153,2,3,2,4,1,3,2,42,2,2,1,2,1,1,2
1,1,16,2,2,2625,2,1,2,4,2,4,1,43,1,3,1,2,1,2,2
0,4,20,2,2,3485,5,2,2,2,3,4,3,44,2,2,2,2,1,2,2
0,4,36,2,3,10477,5,1,2,4,3,4,4,42,2,1,2,2,1,1,2
0,4,15,4,4,1386,5,3,4,3,3,2,3,40,2,3,1,2,1,2,2
0,4,24,4,4,1278,2,1,4,4,3,1,3,36,2,2,1,1,1,2,2
0,1,12,4,4,1107,2,3,2,4,3,2,3,20,2,3,1,1,2,2,2
0,1,21,4,2,3763,5,4,2,4,1,2,3,24,2,2,1,4,1,1,1
0,3,36,4,0,3711,5,3,2,3,3,2,2,27,2,2,1,2,1,1,2
0,4,15,3,3,3594,2,2,1,1,3,2,1,46,2,2,2,4,1,1,2
0,3,9,4,2,3195,5,3,1,1,3,2,3,33,2,2,1,4,1,1,2
0,4,36,3,4,4454,2,3,4,1,3,4,3,34,2,2,2,2,1,1,2
1,3,24,2,7,4736,2,2,2,1,3,4,2,25,1,2,1,4,1,1,2
0,3,30,4,4,2991,5,1,2,1,3,4,2,25,2,2,1,2,1,1,2
0,4,11,4,1,2142,1,1,1,2,3,2,3,28,2,2,1,2,1,2,2
1,1,24,1,1,3161,2,3,4,4,3,2,1,31,2,3,1,2,1,2,2
1,3,48,5,6,18424,2,3,1,1,3,2,1,32,1,2,1,1,1,2,1
0,4,10,4,3,2848,3,3,1,4,1,2,3,32,2,2,1,2,2,1,2
1,1,6,4,2,14896,2,1,1,4,3,4,4,68,1,2,1,1,1,2,2
1,1,24,4,7,2359,3,5,1,2,3,1,1,33,2,2,1,2,1,1,2
1,1,24,4,7,3345,2,1,4,4,3,2,1,39,2,3,1,1,1,2,2
0,4,18,2,7,1817,2,3,4,1,3,2,4,28,2,2,2,2,1,1,2
0,4,48,3,4,12749,4,4,4,4,3,1,2,37,2,2,1,1,1,2,2
1,1,9,4,4,1366,2,2,3,1,3,4,1,22,2,3,1,2,1,1,2
0,3,12,4,2,2002,2,4,3,4,3,4,1,30,2,3,1,2,2,2,2
1,1,24,1,7,6872,2,2,2,2,3,1,1,55,1,2,1,2,1,2,2
1,1,12,1,2,697,2,2,4,4,3,2,2,46,1,2,2,2,1,2,2
0,1,18,2,7,1049,2,2,4,1,3,4,1,21,2,3,1,2,1,1,2
1,1,48,4,3,10297,2,4,4,4,3,4,4,39,3,1,3,2,2,2,2
0,4,30,4,4,1867,5,1,4,4,3,4,2,58,2,2,1,2,1,2,2
0,1,12,3,2,1344,2,3,4,4,3,2,3,43,2,2,2,4,2,1,2
0,1,24,4,7,1747,2,2,4,4,1,1,1,24,2,2,1,4,1,1,1
1,3,9,4,4,1670,2,2,4,1,3,2,2,22,2,2,1,2,1,2,2
0,4,9,2,2,1224,2,3,3,4,3,1,3,30,2,2,2,2,1,1,2
0,4,12,2,4,522,4,1,4,4,3,4,1,42,2,2,2,2,2,2,2
0,1,12,4,4,1498,2,3,4,1,3,1,2,23,1,2,1,2,1,1,2
1,3,30,3,4,1919,3,2,4,4,3,3,4,30,3,2,2,1,1,1,2
1,2,9,4,4,745,2,3,3,1,3,2,3,28,2,2,1,4,1,1,2
0,3,6,4,4,2063,2,2,4,3,3,3,2,30,2,3,1,1,1,2,2
1,3,60,4,0,6288,2,3,4,4,3,4,4,42,2,1,1,2,1,1,2
0,4,24,2,3,6842,5,3,2,4,3,4,1,46,2,2,2,1,2,2,2
0,4,12,4,2,3527,5,2,2,4,3,3,1,45,2,2,1,1,2,2,2
0,4,10,4,2,1546,2,3,3,4,3,2,3,31,2,2,1,4,2,1,1
0,4,24,4,7,929,5,4,4,4,3,2,2,31,3,2,1,2,1,2,2
0,4,4,2,2,1455,2,4,2,4,3,1,3,42,2,2,3,4,2,1,2
0,1,15,4,7,1845,2,2,4,1,2,1,1,46,2,3,1,2,1,1,2
0,3,48,5,2,8358,4,2,1,1,3,1,2,30,2,2,2,2,1,1,2
1,1,24,1,7,3349,4,2,4,4,3,4,4,30,2,1,1,2,2,2,2
0,4,12,4,2,2859,5,5,4,4,3,4,4,38,2,2,1,1,1,2,2
1,4,18,4,7,1533,2,2,4,3,1,1,1,43,2,2,1,4,2,1,2
1,4,24,4,4,3621,3,1,2,4,3,4,2,31,2,2,2,2,1,1,2
0,3,18,2,1,3590,2,5,3,3,3,3,2,40,2,2,3,3,2,2,2
1,1,36,3,1,2145,2,4,2,4,3,1,2,24,2,2,2,2,1,2,2
1,3,24,4,3,4113,4,2,3,1,3,4,2,28,2,3,1,2,1,1,2
1,4,36,4,7,10974,2,5,4,1,3,2,2,26,2,2,2,1,1,2,2
0,1,12,4,2,1893,2,3,4,1,2,4,1,29,2,2,1,2,1,2,2
0,1,24,2,4,1231,1,1,4,1,3,4,1,57,2,3,2,1,1,2,2
0,2,30,2,4,3656,5,1,4,4,3,4,1,49,3,2,2,4,1,1,2
0,3,9,2,4,1154,2,1,2,4,3,4,3,37,2,2,3,4,1,1,2
1,1,28,4,2,4006,2,3,3,4,3,2,2,45,2,2,1,4,1,1,2
0,3,24,4,7,3069,3,1,4,4,3,4,4,30,2,1,1,2,1,1,2
0,4,6,2,4,1740,2,1,2,3,3,2,3,30,2,3,2,2,1,1,2
0,3,21,3,2,2353,2,3,1,2,3,4,1,47,2,2,2,2,1,1,2
0,4,15,4,2,3556,5,3,3,4,3,2,4,29,2,2,1,2,1,1,2
1,4,24,4,4,2397,4,1,3,4,3,2,2,35,1,2,2,2,1,2,2
0,3,6,4,5,454,2,2,3,3,3,1,1,22,2,2,1,4,1,1,2
0,3,30,4,4,1715,5,3,4,1,3,1,2,26,2,2,1,2,1,1,2
1,3,27,2,4,2520,4,3,4,4,3,2,1,23,2,2,2,4,1,1,2
0,4,15,4,4,3568,2,1,4,1,3,2,2,54,1,3,1,1,1,2,2
0,4,42,4,4,7166,5,4,2,3,3,4,1,29,2,3,1,2,1,2,2
0,1,11,2,2,3939,2,3,1,4,3,2,3,40,2,2,2,4,2,1,2
0,3,15,4,5,1514,3,3,4,4,2,2,3,22,2,2,1,2,1,1,2
0,4,24,4,2,7393,2,3,1,4,3,4,1,43,2,2,1,4,2,1,2
1,1,24,1,2,1193,2,5,1,1,1,4,4,29,2,3,2,3,1,1,2
1,1,60,4,1,7297,2,1,4,4,1,4,4,36,2,3,1,2,1,1,2
0,4,30,2,4,2831,2,3,4,1,3,2,2,33,2,2,1,2,1,2,2
0,2,24,4,4,1258,4,3,3,1,3,3,2,57,2,2,1,4,1,1,2
0,3,6,4,4,753,2,3,2,1,2,3,3,64,2,2,1,2,1,1,2
0,3,18,3,1,2427,5,1,4,4,3,2,1,42,2,2,2,2,1,1,2
1,4,24,3,2,2538,2,1,4,4,3,4,2,47,2,2,2,4,2,1,2
1,3,15,1,2,1264,3,3,2,3,3,2,1,25,2,3,1,2,1,1,2
1,3,30,2,7,8386,2,4,2,4,3,2,1,49,2,2,1,2,1,1,2
1,4,48,4,1,4844,2,5,3,4,3,2,2,33,1,3,1,1,1,2,2
0,2,21,4,2,2923,3,3,1,1,3,1,2,28,1,2,1,1,1,2,2
1,1,36,4,3,8229,2,3,2,4,3,2,1,26,2,2,1,2,2,1,2
0,4,24,2,7,2028,2,4,2,4,3,2,1,30,2,2,2,4,1,1,2
0,1,15,2,7,1433,2,3,4,1,3,3,1,25,2,3,2,2,1,1,2
0,2,42,5,1,6289,2,2,2,2,3,1,1,33,2,2,2,2,1,1,2
0,4,13,4,4,1409,3,5,2,1,3,4,3,64,2,2,1,2,1,1,2
0,1,24,4,3,6579,2,5,4,4,3,2,4,29,2,1,1,1,1,2,2
0,3,24,2,4,1743,2,1,4,4,3,2,1,48,2,2,2,4,1,1,2
0,4,12,2,0,3565,5,2,2,4,3,1,1,37,2,2,2,4,2,1,2
0,4,15,1,4,1569,3,1,4,4,3,4,2,34,1,2,1,4,2,1,2
0,1,18,4,4,1936,5,4,2,3,3,4,2,23,2,3,2,4,1,1,2
0,1,36,4,7,3959,2,5,4,4,3,3,1,30,2,2,1,1,1,2,2
0,4,12,4,2,2390,5,1,4,4,3,3,2,50,2,2,1,2,1,2,2
0,4,12,4,7,1736,2,4,3,1,3,4,3,31,2,2,1,4,1,1,2
0,1,30,4,3,3857,2,3,4,2,3,4,1,40,2,2,1,1,1,2,2
0,4,12,4,4,804,2,1,4,4,3,4,2,38,2,2,1,2,1,1,2
1,1,45,4,4,1845,2,3,4,4,3,4,4,23,2,1,1,2,1,2,2
0,3,45,2,3,4576,3,5,3,4,3,4,2,27,2,2,1,2,1,1,2
